model,workload,prompt_length,output_length,dynamic_ept,maxn_ept,best_static_ept,pareto_ept,oracle_energy_ept,oracle_slo_ept,oracle_slo_tpot,oracle_power_tpot,oracle_power_ept,dynamic_tpot,maxn_tpot,best_static_tpot,pareto_tpot,oracle_energy_tpot,oracle_slo_ept_actual_tpot,oracle_power_ept_actual_tpot,dynamic_power,maxn_power,best_static_power,pareto_power,oracle_energy_power,oracle_slo_power,oracle_power_power,oracle_energy_gpu_mhz,oracle_slo_gpu_mhz,oracle_slo_feasible,oracle_power_gpu_mhz,oracle_power_feasible,best_static_cap_mhz,pareto_cap_mhz,dynamic_vs_oracle_energy_gap_pct,maxn_vs_oracle_energy_gap_pct,best_static_vs_oracle_energy_gap_pct,pareto_vs_oracle_energy_gap_pct
Meta-Llama-3.1-8B-Instruct-Q4_K_M,p1024_o1024,1024,1024,2.111009765625,2.1237890625,2.0865703125,2.02997265625,2.0166201171875,2.0166201171875,43.48617849460933,138.58381638320242,2.3366708984375,44.27171260608271,42.40333005767279,44.21396725317181,43.3528144966323,43.48617849460933,0.0,0.0,48.037,49.994,47.481,47.822,47.472,47.472,0.0,816,816,True,306,True,816,408,4.680586474022768,5.314285243864606,3.4686847917622243,0.6621246584171976
Meta-Llama-3.1-8B-Instruct-Q4_K_M,p1024_o128,1024,128,2.206484375,2.2773359375,2.195875,1.979890625,1.968859375,1.968859375,40.85684024387839,133.36750418937757,2.316609375,41.534495133884604,40.80390783419144,41.62138825975447,40.818741347083424,40.85684024387839,0.0,0.0,47.072,48.583,46.845,46.077,45.821,45.821,0.0,918,918,True,306,True,816,1122,12.069170760354583,15.667780361408498,11.530311808074151,0.5602863332989348
Meta-Llama-3.1-8B-Instruct-Q4_K_M,p1024_o512,1024,512,2.123349609375,2.13202734375,2.09221875,2.01774609375,2.004615234375,2.004615234375,42.73346058501262,138.76378001944104,2.35455859375,42.76046962244892,41.65410600377542,42.79126467113976,42.62128425238075,42.73346058501262,0.0,0.0,48.318,49.766,47.61,48.051,47.738,47.738,0.0,816,816,True,306,True,816,408,5.923050616594705,6.35593839606454,4.370091283493251,0.6550314070168114
Meta-Llama-3.1-8B-Instruct-Q4_K_M,p128_o128,128,128,2.0313046875,2.08025,2.0063515625,1.982625,1.948921875,1.948921875,40.7958030004025,133.12578573181315,2.28871875,41.19392237021023,40.54333023657274,41.380361260618926,40.8274467794342,40.7958030004025,0.0,0.0,47.274,48.413,46.693,46.141,45.357,45.357,0.0,408,408,True,306,True,816,1224,4.2270967121244984,6.738501254700116,2.9467413874658264,1.729321499867724
Meta-Llama-3.1-8B-Instruct-Q4_K_M,p128_o512,128,512,2.0304296875,2.0905703125,2.04498828125,2.008392578125,1.99546875,1.99546875,42.64506512324266,138.76309403315835,2.33987890625,43.111000056724826,42.012586686878656,43.23124239351528,42.721102596944064,42.64506512324266,0.0,0.0,48.323,49.792,47.592,47.828,47.52,47.52,0.0,408,408,True,306,True,816,1224,1.7520162869000058,4.765875812387453,2.4815989350873227,0.6476587581238819
Meta-Llama-3.1-8B-Instruct-Q4_K_M,p2048_o128,2048,128,2.66978125,2.72975,2.651859375,1.981609375,1.9683671875,1.9683671875,40.88911926832167,133.38172629908254,2.314671875,42.69841070814923,41.987582306949584,42.72446646465091,40.715553299120565,40.88911926832167,0.0,0.0,45.564,46.614,45.258,46.117,45.809,45.809,0.0,918,918,True,306,True,816,408,35.63430984596213,38.6809339911332,34.72381534504725,0.6727498600918406
Meta-Llama-3.1-8B-Instruct-Q4_K_M,p2048_o512,2048,512,2.2116640625,2.247130859375,2.198150390625,2.019517578125,2.00521484375,2.00521484375,42.756548978355504,138.77562246761065,2.3568359375,43.31113992362792,42.09657282766261,43.38287936392333,42.62125282183858,42.756548978355504,0.0,0.0,48.186,50.023,47.892,48.093,47.752,47.752,0.0,816,816,True,306,True,816,408,10.295615923324924,12.064343946935224,9.621689539969015,0.7132769049451007
Meta-Llama-3.1-8B-Instruct-Q4_K_M,p256_o256,256,256,2.0640703125,2.09753125,2.05453125,1.96759375,1.96,1.96,41.14581544326582,134.0967416115032,2.300328125,42.98367513361953,42.32104793738793,43.0392724274676,41.25541036072023,41.14581544326582,0.0,0.0,48.036,48.815,47.815,47.972,47.787,47.787,0.0,408,408,True,306,True,816,1224,5.309709821428582,7.016900510204076,4.823022959183683,0.38743622448979925
Meta-Llama-3.1-8B-Instruct-Q4_K_M,p512_o1024,512,1024,2.066078125,2.0922041015625,2.0535234375,2.0246591796875,2.0165283203125,2.0165283203125,43.48431167159528,138.54209069794868,2.346849609375,44.15629826290834,42.37948418565309,44.22202574581687,43.33830703623895,43.48431167159528,0.0,0.0,47.543,49.824,47.254,47.661,47.47,47.47,0.0,816,816,True,306,True,816,408,2.4571836749518763,3.752775524534776,1.8345944767969686,0.40321077036696346
Meta-Llama-3.1-8B-Instruct-Q4_K_M,p512_o128,512,128,2.198734375,2.25603125,2.166578125,1.9782578125,1.968484375,1.968484375,40.769074267091774,133.39577307906296,2.313890625,43.499766228405214,42.822511055448096,43.66591766909293,40.83968647279021,40.769074267091774,0.0,0.0,46.906,48.129,46.22,46.039,45.812,45.812,0.0,408,408,True,306,True,816,918,11.696816237111348,14.607526412293714,10.063262503671128,0.49649555892461866
Meta-Llama-3.1-8B-Instruct-Q4_K_M,p512_o512,512,512,2.055451171875,2.08706640625,2.04731640625,2.009005859375,2.003208984375,2.003208984375,42.79180423291892,138.78124005479262,2.354697265625,43.07005053031607,41.79704689430784,42.97996880035527,42.76048846578375,42.79180423291892,0.0,0.0,47.836,49.701,47.647,47.842,47.704,47.704,0.0,816,816,True,306,True,816,1300,2.6079249797444186,4.186154441652694,2.2018382614613548,0.2893794429445796
Meta-Llama-3.1-8B-Instruct-Q4_K_M,p64_o64,64,64,2.09425,2.15178125,2.06503125,2.004109375,1.96984375,1.96984375,40.6674757943533,40.64030682535044,2.0164375,41.218840714824935,40.52466996908483,41.2771333016396,40.68553828567799,40.6674757943533,0.0,0.0,44.677,45.905,44.054,42.754,42.023,42.023,0.0,408,408,True,714,True,816,612,6.3155389862774785,9.236138653129219,4.832236059332128,1.7395097961450086
Qwen2.5-14B-Instruct-Q4_K_M,p1024_o1024,1024,1024,3.955751953125,4.1570556640625,3.913716796875,3.727580808080808,3.460055882352941,,,86.03564772683268,3.460055882352941,80.09380330982547,78.75718737730277,80.35189194141824,78.66818965109496,86.03564772683268,78.66818965109496,0.0,49.702,52.88,49.174,48.397,41.37,0.0,0.0,1122,918,False,1122,True,612,918,14.326244651140458,20.144177013568296,13.1113753634972,7.731809393377259
Qwen2.5-14B-Instruct-Q4_K_M,p1024_o128,1024,128,4.30390625,4.39925,4.32428125,3.576546875,3.337921875,,,82.54445692080652,3.337921875,77.06610933056204,76.18557202435414,77.20482145714772,75.91214719664775,82.54445692080652,75.89226376309287,0.0,47.909,50.633,48.131,48.189,40.691,0.0,0.0,1122,1020,False,1122,True,612,612,28.93969395254344,31.79607446624257,29.550103685395573,7.148909079844771
Qwen2.5-14B-Instruct-Q4_K_M,p1024_o512,1024,512,3.940361328125,4.11464453125,3.9710234375,3.726443438914027,3.470517578125,,,85.90003314866354,3.470517578125,78.62703976132077,77.42587981792076,79.16782327008173,78.7683203463295,85.90003314866354,78.75423732490704,0.0,49.674,52.017,49.589,48.304,41.188,0.0,0.0,1122,612,False,1122,True,612,918,13.538146383740266,18.559968034306838,14.421648878246165,7.374285103817137
Qwen2.5-14B-Instruct-Q4_K_M,p128_o128,128,128,3.9585,3.967875,3.7885390625,3.571671875,3.49284375,,,83.9591600004525,3.49284375,76.93331292097083,76.0584586688618,76.789388299267,76.03374552018354,83.9591600004525,75.90473222080618,0.0,50.669,50.789,48.493,48.1,41.196,0.0,0.0,1122,612,False,1122,True,612,714,13.331722897710494,13.60012883484982,8.465746928988734,2.2568465881131905
Qwen2.5-14B-Instruct-Q4_K_M,p128_o512,128,512,3.976640625,3.988625,3.82996875,3.7201015625,3.51291015625,,,86.55096413686128,3.51291015625,80.33705564783503,78.42954616025892,79.92172538354781,78.84204642457155,86.55096413686128,78.77970990586348,0.0,50.901,51.701,49.024,48.22,41.347,0.0,0.0,1122,612,False,1122,True,612,714,13.200749467644462,13.541901801947063,9.02552526673376,5.897999010346886
Qwen2.5-14B-Instruct-Q4_K_M,p2048_o128,2048,128,5.0473125,5.3156484375,4.9744375,3.580296875,3.352984375,,,82.53525932297462,3.352984375,78.95034684260618,78.49353610255616,78.93445840890072,76.03992940124682,82.53525932297462,75.91033544057731,0.0,47.856,50.4,47.165,48.219,40.875,0.0,0.0,1122,714,False,1122,True,612,408,50.53194215973643,58.53484069695374,48.358505249521166,6.779408269685122
Qwen2.5-14B-Instruct-Q4_K_M,p2048_o512,2048,512,4.1881953125,4.4098046875,4.1238671875,3.723857421875,3.41823828125,,,85.61526712120389,3.41823828125,79.5811901038509,78.71918199030745,79.64419454783602,78.80224637758286,85.61526712120389,78.56207584695738,0.0,49.869,52.507,49.103,48.269,40.701,0.0,0.0,1122,918,False,1122,True,612,714,22.52496660263364,29.00811250312834,20.643057861722912,8.940837808218557
Qwen2.5-14B-Instruct-Q4_K_M,p256_o256,256,256,4.0303671875,4.0137265625,3.8794140625,3.66428125,3.46426171875,,,84.17201446250593,3.46426171875,80.13966020388419,78.91348518440317,80.06877311751904,76.45373776071139,84.17201446250593,76.358270211894,0.0,50.33,51.376,48.445,48.105,41.249,0.0,0.0,1122,408,False,1122,True,612,918,16.34130197744603,15.860950712126376,11.983862001621468,5.773799657439642
Qwen2.5-14B-Instruct-Q4_K_M,p512_o1024,512,1024,3.9514296875,4.02909375,3.8849658203125,3.729359375,2.50940234375,,,86.70660788065891,3.48971484375,80.3507716314847,78.4826304144267,80.48746644388174,79.11423486891864,82.74392731476826,76.86997758626768,0.0,50.264,52.069,49.114,48.34,46.033,0.0,0.0,1224,1300,False,1122,True,612,816,57.46497158343542,60.55989427263402,54.816378090525156,48.615441612560254
Qwen2.5-14B-Instruct-Q4_K_M,p512_o128,512,128,4.26040625,4.3023125,1.24971875,3.576671875,3.401296875,,,83.13965740958302,3.401296875,82.33767300000869,80.14364544885218,80.89607507888756,75.93959273942782,83.13965740958302,75.90492849612212,0.0,49.576,50.063,45.704,48.191,41.463,0.0,0.0,1122,408,False,1122,True,612,612,25.25828842858652,26.490355241337184,-63.25758097784393,5.156121516149638
Qwen2.5-14B-Instruct-Q4_K_M,p512_o512,512,512,4.047478515625,4.013822265625,3.87598046875,3.72312890625,3.519775390625,,,86.49911200778045,3.519775390625,79.80556017218008,77.82442564005305,79.327517491173,78.73405460650994,86.49911200778045,78.73405460650994,0.0,51.037,52.027,49.0,48.358,41.44,0.0,0.0,1122,408,False,1122,True,612,408,14.992522716237785,14.036318235416534,10.12010820559062,5.777457168620376
Qwen2.5-14B-Instruct-Q4_K_M,p64_o64,64,64,3.96853125,3.97646875,3.7695625,3.64434375,3.577921875,,,82.81562990501583,3.586921875,76.82539904785772,75.98747349055927,76.64889326903022,75.74520011188551,78.9185575235428,75.74520011188551,0.0,50.557,50.899,48.25,46.648,45.797,0.0,0.0,1224,918,False,1122,True,612,918,10.917213640949047,11.139060295999338,5.356199260220019,1.8564372649975784
Qwen2.5-7B-Instruct-Q4_K_M,p1024_o1024,1024,1024,2.1649748110831237,2.152758186397985,2.127812342569269,2.0726585365853656,2.0380474452554744,2.0380474452554744,41.03394438454629,48.20841693820186,2.1318978494623657,44.4261417439393,41.51663428506007,44.43892070490392,44.80180109426106,41.03394438454629,0.0,0.0,48.465,51.797,47.591,45.672,48.559,48.559,0.0,1122,1122,True,714,True,1300,816,6.227890627528479,5.628462743080609,4.404455721713696,1.698247575661938
Qwen2.5-7B-Instruct-Q4_K_M,p1024_o128,1024,128,2.346765625,2.3618359375,2.3362890625,2.04465625,2.0030390625,2.0030390625,42.34807438576433,44.16083551184311,2.0762734375,42.59053686556707,40.21169458273945,42.442586653367215,47.12434503154492,42.34807438576433,0.0,0.0,46.213,50.386,46.007,43.619,46.616,46.616,0.0,918,918,True,816,True,1300,714,17.160252584939293,17.912624956608898,16.637219225473793,2.077702241515821
Qwen2.5-7B-Instruct-Q4_K_M,p1024_o512,1024,512,2.20746484375,2.16162890625,2.1138828125,2.051046875,1.663697265625,1.663697265625,45.832336397291165,47.85210724262456,2.118496815286624,43.65397863788986,41.04589849711376,43.61299199207983,42.22140876907097,45.832336397291165,0.0,0.0,50.126,51.477,47.996,48.844,46.044,46.044,0.0,816,816,True,714,True,1300,1122,32.684286339842195,29.929221554496106,27.059342836984175,23.282457534693645
Qwen2.5-7B-Instruct-Q4_K_M,p128_o128,128,128,2.0390625,2.1503203125,2.052703125,2.0427265625,2.005203125,2.005203125,42.354784921493646,44.18711874755026,2.067296875,42.13736767011629,40.13285998394346,42.03911276449868,47.11591962937588,42.354784921493646,0.0,0.0,47.455,50.044,47.772,43.578,46.667,46.667,0.0,918,918,True,816,True,1300,714,1.6885758144826364,7.237031784498137,2.3688373216553744,1.8713035618274323
Qwen2.5-7B-Instruct-Q4_K_M,p128_o512,128,512,2.0991484375,2.12639453125,2.063453125,2.078269129287599,2.0147339449541284,2.0147339449541284,41.35802023179077,48.46173496026013,2.123421875,44.18406316622319,41.26468467719328,43.98511333068479,45.30138895500737,41.35802023179077,0.0,0.0,47.767,51.844,48.022,46.263,48.772,48.772,0.0,1122,1122,True,714,True,1300,816,4.189858058295304,5.542200079346645,2.4181445975975238,3.153527268083885
Qwen2.5-7B-Instruct-Q4_K_M,p2048_o128,2048,128,2.662578125,2.758203125,2.569828125,2.038765625,2.005828125,2.005828125,42.362076079098905,44.18318582640037,2.0730859375,41.894725606388114,41.05658922069449,43.23483444841975,47.119773598021176,42.362076079098905,0.0,0.0,48.68,50.436,46.991,43.494,46.681,46.681,0.0,918,918,True,816,True,1300,714,32.742087510613615,37.50944513254346,28.11806220934309,1.6420898475536165
Qwen2.5-7B-Instruct-Q4_K_M,p2048_o512,2048,512,2.2310703125,2.26887890625,2.2192265625,2.07512890625,2.0269720930232555,2.0269720930232555,40.75393559809374,48.123960700199135,2.1110782122905025,42.54158564780359,41.41565484934306,44.08597479070448,45.81973073573933,40.75393559809374,0.0,0.0,49.666,51.63,47.432,46.187,48.422,48.422,0.0,1122,1122,True,714,True,1300,816,10.069118375099544,11.934392883818008,9.48481087324662,2.3758005052214473
Qwen2.5-7B-Instruct-Q4_K_M,p256_o256,256,256,2.190481481481481,2.1764444444444444,2.213283950617284,2.05771875,1.9921171875,1.9921171875,41.60085043906435,47.46965827036868,2.0795546875,42.146981111727655,40.03830183792161,42.21113301173318,44.5201000080024,41.60085043906435,0.0,0.0,44.455,50.369,44.969,45.807,48.57,48.57,0.0,1020,1020,True,714,True,1300,816,9.957461098481733,9.252832017164868,11.102096026531271,3.293057402025939
Qwen2.5-7B-Instruct-Q4_K_M,p512_o1024,512,1024,2.1727708333333333,2.3469166666666665,2.1888541666666668,2.101091796875,2.0282105263157897,2.0282105263157897,40.84133562361422,49.73906626388201,2.145605083088954,43.993641947102,41.68328445306734,43.76494598967072,46.83411973794851,40.84133562361422,0.0,0.0,46.352,50.068,46.695,45.777,48.936,48.936,0.0,1224,1224,True,714,True,1300,816,7.127480364680633,15.713661684312486,7.920461819251257,3.593377985844396
Qwen2.5-7B-Instruct-Q4_K_M,p512_o128,512,128,2.199291666666667,2.3437291666666664,2.195625,2.03803125,2.0031484375,2.0031484375,42.37792848822052,44.15480274795078,2.073984375,43.82039794796392,41.71287094757549,43.82845065311382,47.12111140165009,42.37792848822052,0.0,0.0,46.918,49.999,46.84,43.478,46.619,46.619,0.0,918,918,True,816,True,1300,714,9.791747106443113,17.002271164273928,9.608701926264512,1.7413992815996593
Qwen2.5-7B-Instruct-Q4_K_M,p512_o512,512,512,2.1951666666666667,2.347354166666667,2.193020833333333,2.079642578125,2.02789453125,2.02789453125,42.894525273927215,48.80949795493327,2.11965234375,43.85652286368177,41.67726822074895,43.76388176736471,45.819990364005406,42.894525273927215,0.0,0.0,46.83,50.077,46.784,46.266,48.292,48.292,0.0,1020,1020,True,714,True,1300,816,8.24856188716875,15.753266774665603,8.14274606192409,2.5518115502339556
Qwen2.5-7B-Instruct-Q4_K_M,p64_o64,64,64,2.1060625,2.227328125,2.117421875,2.059421875,1.95403125,1.95403125,46.9921055704444,39.72761199942657,2.0693125,42.05829228666271,39.99970282524056,41.95717604838253,39.967560826519886,46.9921055704444,0.0,0.0,44.929,47.516,45.172,43.934,41.686,41.686,0.0,714,714,True,1300,True,1300,1224,7.780389899086826,13.986310351996673,8.361720161844886,5.393497417198412
