timestamp,strategy,alpha,workload,prompt_length,output_length,target_output_tokens,repeat,prefill_gpu,prefill_emc,prefill_cpu,decode_gpu,decode_emc,decode_cpu,actual_prefill_gpu,actual_prefill_emc,actual_decode_gpu,actual_decode_emc,ttft_ms,tpot_ms,total_time_ms,output_tokens,decode_tokens,tokens_per_second,switch_overhead_ms,total_energy_j,prefill_energy_j,decode_energy_j,prefill_avg_power_w,decode_avg_power_w,avg_power_w,energy_per_token_j,decode_energy_per_token_j,is_complete_output,model,experiment,target_gpu_mhz,target_emc_mhz,target_cpu_mhz,actual_gpu_mhz,actual_emc_mhz,actual_cpu_mhz,baseline_name
2026-05-19T18:57:13.534747,true_phase_switch,0.0,p128_o64,128,64,64,0,306.0,204.0,1036.0,816.0,204.0,1036.0,306.0,204.0,816.0,204.0,235.6432750239037,101.64825903115026,6639.781789039262,64,63.0,9.638870980014605,711.3392230239697,111.299,2.639,108.661,11.198,16.966,16.554,1.739046875,1.7247777777777777,True,Phi-3-mini-Q4,phase_switch_e2e,,,,,,,
2026-05-19T18:57:27.681254,true_phase_switch,0.0,p128_o64,128,64,64,1,306.0,204.0,1036.0,816.0,204.0,1036.0,306.0,204.0,816.0,204.0,236.276633979287,101.93255466745339,6658.2985109998845,64,63.0,9.612065288792383,711.205406987574,111.475,2.645,108.83,11.195,16.945,16.534,1.741796875,1.7274603174603174,True,Phi-3-mini-Q4,phase_switch_e2e,,,,,,,
2026-05-19T18:57:41.812812,true_phase_switch,0.0,p128_o64,128,64,64,2,306.0,204.0,1036.0,816.0,204.0,1036.0,306.0,204.0,816.0,204.0,234.75881200283766,101.7336098575181,6644.275101018138,64,63.0,9.6323525180637,711.5271450020373,110.956,2.534,108.421,10.796,16.914,16.477,1.7336875,1.720968253968254,True,Phi-3-mini-Q4,phase_switch_e2e,,,,,,,
2026-05-19T18:58:05.172722,true_phase_switch,0.0,p512_o128,512,128,128,0,306.0,204.0,1036.0,816.0,204.0,1036.0,306.0,204.0,816.0,204.0,2763.941982993856,135.51425653601007,15909.333710966166,98,97.0,6.1599059885486875,711.3478970131837,258.021,30.729,227.292,11.118,17.29,16.325,2.6328673469387756,2.3432164948453607,False,Phi-3-mini-Q4,phase_switch_e2e,,,,,,,
2026-05-19T18:58:28.057936,true_phase_switch,0.0,p512_o128,512,128,128,1,306.0,204.0,1036.0,816.0,204.0,1036.0,306.0,204.0,816.0,204.0,2228.1779139884748,103.58516885816508,15384.006916021463,128,127.0,8.320329072830575,711.7337409872562,252.996,24.612,228.384,11.046,17.359,16.517,1.97653125,1.7982992125984252,True,Phi-3-mini-Q4,phase_switch_e2e,,,,,,,
2026-05-19T18:58:50.953825,true_phase_switch,0.0,p512_o128,512,128,128,2,306.0,204.0,1036.0,816.0,204.0,1036.0,306.0,204.0,816.0,204.0,2229.295839963015,103.6273459055989,15390.47527895309,128,127.0,8.31683217574467,713.3795130066574,251.916,24.629,227.288,11.048,17.269,16.466,1.96809375,1.7896692913385828,True,Phi-3-mini-Q4,phase_switch_e2e,,,,,,,
2026-05-19T18:59:19.670348,true_phase_switch,0.0,p1024_o128,1024,128,128,0,306.0,204.0,1036.0,612.0,204.0,1036.0,306.0,204.0,612.0,204.0,5452.132052974775,124.02118632283913,21203.342632972635,128,127.0,6.036784021069929,711.2397830351256,298.317,61.051,237.267,11.198,15.063,14.143,2.3306015625,1.8682440944881888,True,Phi-3-mini-Q4,phase_switch_e2e,,,,,,,
2026-05-19T18:59:49.103351,true_phase_switch,0.0,p1024_o128,1024,128,128,1,306.0,204.0,1036.0,612.0,204.0,1036.0,306.0,204.0,612.0,204.0,5452.614462003112,123.87543200014717,21185.316162998788,128,127.0,6.041920687667545,713.6749729979783,297.955,61.167,236.788,11.218,15.05,14.138,2.3277734375,1.864472440944882,True,Phi-3-mini-Q4,phase_switch_e2e,,,,,,,
2026-05-19T19:00:02.796705,true_phase_switch,0.0,p1024_o128,1024,128,128,2,306.0,204.0,1036.0,612.0,204.0,1036.0,306.0,204.0,306.0,204.0,5457.994811004028,5457.994811004028,5457.994811004028,0,0.0,0.0,0.0,60.632,60.627,0.004,11.108,11.398,11.134,0.0,0.0,False,Phi-3-mini-Q4,phase_switch_e2e,,,,,,,
2026-05-19T19:00:39.538578,true_phase_switch,0.0,p128_o256,128,256,256,0,306.0,204.0,1036.0,816.0,204.0,1036.0,306.0,204.0,816.0,204.0,234.0360560338013,95.80376444306846,24664.971956051886,256,255.0,10.379091468506086,711.0146849881858,436.944,2.504,434.44,10.698,17.782,17.637,1.7068125,1.7036862745098038,True,Phi-3-mini-Q4,phase_switch_e2e,,,,,,,
2026-05-19T19:01:11.924851,true_phase_switch,0.0,p128_o256,128,256,256,1,306.0,204.0,1036.0,816.0,204.0,1036.0,306.0,204.0,816.0,204.0,234.76942698471248,96.65923261964767,24883.870352001395,256,255.0,10.28778869117561,711.7836570250802,441.31,2.535,438.775,10.796,17.8,17.657,1.7238671875,1.720686274509804,True,Phi-3-mini-Q4,phase_switch_e2e,,,,,,,
2026-05-19T19:01:44.299355,true_phase_switch,0.0,p128_o256,128,256,256,2,306.0,204.0,1036.0,816.0,204.0,1036.0,306.0,204.0,816.0,204.0,234.75257400423288,96.569413905872,24860.935935983434,256,255.0,10.297279260088859,711.2144610146061,441.542,2.535,439.007,10.798,17.826,17.683,1.7247734375,1.7215960784313726,True,Phi-3-mini-Q4,phase_switch_e2e,,,,,,,
2026-05-19T19:02:46.614494,true_phase_switch,0.0,p1024_o512,1024,512,512,0,306.0,204.0,1036.0,816.0,204.0,1036.0,306.0,204.0,816.0,204.0,5452.519309998024,96.5201749335136,54776.33619098924,512,511.0,9.347101971457239,711.1161180073395,960.715,61.157,899.559,11.216,18.238,17.581,1.876396484375,1.7603894324853229,True,Phi-3-mini-Q4,phase_switch_e2e,,,,,,,
2026-05-19T19:03:48.913600,true_phase_switch,0.0,p1024_o512,1024,512,512,1,306.0,204.0,1036.0,816.0,204.0,1036.0,306.0,204.0,816.0,204.0,5453.622741973959,96.53184084935249,54783.395756967366,512,511.0,9.345897473595066,711.470669019036,960.151,60.945,899.207,11.175,18.228,17.569,1.875294921875,1.7597005870841487,True,Phi-3-mini-Q4,phase_switch_e2e,,,,,,,
2026-05-19T19:04:51.170184,true_phase_switch,0.0,p1024_o512,1024,512,512,2,306.0,204.0,1036.0,816.0,204.0,1036.0,306.0,204.0,816.0,204.0,5454.82229400659,96.46901193153707,54752.46387900552,512,511.0,9.351177348501446,711.4528250531293,962.243,61.121,901.122,11.205,18.279,17.618,1.879380859375,1.7634481409001956,True,Phi-3-mini-Q4,phase_switch_e2e,,,,,,,
2026-05-19T19:05:48.020173,true_phase_switch,0.0,p128_o512,128,512,512,0,306.0,204.0,1036.0,816.0,204.0,1036.0,306.0,204.0,816.0,204.0,236.65522603550926,96.12160370254128,49356.7724560271,512,511.0,10.373449772392444,712.0633809827268,888.509,2.555,885.954,10.796,18.036,17.961,1.735369140625,1.7337651663405087,True,Phi-3-mini-Q4,phase_switch_e2e,,,,,,,
2026-05-19T19:06:44.945004,true_phase_switch,0.0,p128_o512,128,512,512,1,306.0,204.0,1036.0,816.0,204.0,1036.0,306.0,204.0,816.0,204.0,236.0967980348505,96.22435303714305,49408.72287499951,512,511.0,10.362542688976658,711.3097059773281,887.847,2.549,885.298,10.796,18.004,17.929,1.734076171875,1.732481409001957,True,Phi-3-mini-Q4,phase_switch_e2e,,,,,,,
2026-05-19T19:07:20.784688,true_phase_switch,0.0,p128_o512,128,512,512,2,306.0,204.0,1036.0,816.0,204.0,1036.0,306.0,204.0,816.0,204.0,236.20197700802237,95.70415417064592,28375.7337910356,294,293.0,10.360965540664884,711.7985539953224,507.293,2.55,504.743,10.796,17.937,17.809,1.7254863945578232,1.7226723549488054,False,Phi-3-mini-Q4,phase_switch_e2e,,,,,,,
2026-05-19T19:08:13.639348,true_phase_switch,0.0,p128_o1024,128,1024,1024,0,306.0,204.0,1036.0,816.0,204.0,1036.0,306.0,204.0,816.0,204.0,234.20101701049134,96.9653239611442,45320.388122985605,465,464.0,10.260282827634505,711.6584409959614,811.619,2.552,809.068,10.896,17.945,17.865,1.7454172043010754,1.7436810344827587,False,Phi-3-mini-Q4,phase_switch_e2e,,,,,,,
2026-05-19T19:09:28.550478,true_phase_switch,0.0,p128_o1024,128,1024,1024,1,306.0,204.0,1036.0,816.0,204.0,1036.0,306.0,204.0,816.0,204.0,235.78745999839157,95.79069799577285,67387.87335599773,701,700.0,10.402465088885444,711.2645910237916,1216.941,2.664,1214.277,11.297,18.082,18.031,1.7360071326676176,1.7346814285714287,False,Phi-3-mini-Q4,phase_switch_e2e,,,,,,,
2026-05-19T19:10:17.809457,true_phase_switch,0.0,p128_o1024,128,1024,1024,2,306.0,204.0,1036.0,816.0,204.0,1036.0,306.0,204.0,816.0,204.0,235.8239649911411,96.58353384852839,41768.05645303102,430,429.0,10.294948736327802,711.8963969987817,750.627,2.546,748.081,10.796,18.012,17.924,1.7456441860465115,1.743778554778555,False,Phi-3-mini-Q4,phase_switch_e2e,,,,,,,
2026-05-19T19:11:26.372273,true_phase_switch,0.0,p512_o1024,512,1024,1024,0,306.0,204.0,1036.0,816.0,204.0,1036.0,306.0,204.0,816.0,204.0,2228.469522029627,96.37479140550931,61019.26964399172,610,609.0,9.996842039555021,711.2254860112444,1091.969,24.787,1067.181,11.123,18.152,17.916,1.7901131147540985,1.7523497536945813,False,Phi-3-mini-Q4,phase_switch_e2e,,,,,,,
2026-05-19T19:12:11.147951,true_phase_switch,0.0,p512_o1024,512,1024,1024,1,306.0,204.0,1036.0,816.0,204.0,1036.0,306.0,204.0,816.0,204.0,2228.4258249565028,97.02416608634749,37152.74440095527,360,359.0,9.689728331098568,711.06320299441,652.38,24.784,627.596,11.122,17.97,17.595,1.8121666666666667,1.7481782729805013,False,Phi-3-mini-Q4,phase_switch_e2e,,,,,,,
2026-05-19T19:12:49.164892,true_phase_switch,0.0,p512_o1024,512,1024,1024,2,306.0,204.0,1036.0,816.0,204.0,1036.0,306.0,204.0,816.0,204.0,2223.642672004644,98.15602654689364,30487.183119985275,288,287.0,9.446592650641024,712.6344389980659,530.346,24.622,505.725,11.073,17.893,17.438,1.8414791666666668,1.7621080139372822,False,Phi-3-mini-Q4,phase_switch_e2e,,,,,,,
2026-05-19T19:13:02.035993,true_phase_switch,0.5,p128_o64,128,64,64,0,816.0,665.0,1036.0,1122.0,665.0,1036.0,816.0,665.0,1122.0,665.0,92.91785402456298,83.91171609539361,5379.64738503797,64,63.0,11.89669051135185,711.2226779572666,114.504,1.198,113.306,12.893,21.43,20.654,1.789125,1.7985079365079364,True,Phi-3-mini-Q4,phase_switch_e2e,,,,,,,
2026-05-19T19:13:14.281954,true_phase_switch,0.5,p128_o64,128,64,64,1,816.0,665.0,1036.0,1122.0,665.0,1036.0,816.0,665.0,1122.0,665.0,91.95340401493013,83.9213549994701,5379.295977996662,64,63.0,11.897467672681332,710.9847239917144,114.714,1.186,113.528,12.893,21.469,20.69,1.79240625,1.802031746031746,True,Phi-3-mini-Q4,phase_switch_e2e,,,,,,,
2026-05-19T19:13:26.527101,true_phase_switch,0.5,p128_o64,128,64,64,2,816.0,665.0,1036.0,1122.0,665.0,1036.0,816.0,665.0,1122.0,665.0,93.94917299505323,83.91863341343456,5381.129215005785,64,63.0,11.893414456863436,710.9440760104917,114.327,1.221,113.106,12.994,21.39,20.627,1.786359375,1.7953333333333332,True,Phi-3-mini-Q4,phase_switch_e2e,,,,,,,
2026-05-19T19:13:44.770119,true_phase_switch,0.5,p512_o128,512,128,128,0,816.0,2133.0,1036.0,1122.0,665.0,1036.0,816.0,2133.0,1122.0,665.0,756.3047570292838,83.49601940919213,11360.801323025953,128,127.0,11.266810884243785,720.5851600156166,239.876,10.656,229.219,14.09,21.614,21.287,1.87403125,1.8048740157480314,True,Phi-3-mini-Q4,phase_switch_e2e,,,,,,,
2026-05-19T19:14:03.032096,true_phase_switch,0.5,p512_o128,512,128,128,1,816.0,2133.0,1036.0,1122.0,665.0,1036.0,816.0,2133.0,1122.0,665.0,753.4557200269774,83.4786334564528,11355.755532975309,128,127.0,11.2718171528357,720.9004650358111,239.767,10.541,229.226,13.99,21.619,21.288,1.8731796875,1.8049291338582678,True,Phi-3-mini-Q4,phase_switch_e2e,,,,,,,
2026-05-19T19:14:21.273220,true_phase_switch,0.5,p512_o128,512,128,128,2,816.0,2133.0,1036.0,1122.0,665.0,1036.0,816.0,2133.0,1122.0,665.0,753.6726580001414,83.45360462975461,11352.789937984198,128,127.0,11.274761595978907,721.2347720051184,239.846,10.546,229.3,13.993,21.633,21.3,1.873796875,1.8055118110236221,True,Phi-3-mini-Q4,phase_switch_e2e,,,,,,,
2026-05-19T19:14:43.795308,true_phase_switch,0.5,p1024_o128,1024,128,128,0,306.0,204.0,1036.0,1122.0,665.0,1036.0,306.0,3199.0,1122.0,665.0,5452.916742011439,80.07901757460557,15623.460539034568,128,127.0,8.192807200440473,722.069596988149,280.514,61.278,219.236,11.238,21.555,18.227,2.191515625,1.726267716535433,True,Phi-3-mini-Q4,phase_switch_e2e,,,,,,,
2026-05-19T19:15:06.309921,true_phase_switch,0.5,p1024_o128,1024,128,128,1,306.0,204.0,1036.0,1122.0,665.0,1036.0,306.0,204.0,1122.0,665.0,5451.424664002843,80.05921824378746,15619.465752970427,128,127.0,8.194902567372232,720.8979980205186,279.5,61.261,218.239,11.238,21.462,18.054,2.18359375,1.7184173228346458,True,Phi-3-mini-Q4,phase_switch_e2e,,,,,,,
2026-05-19T19:15:28.819298,true_phase_switch,0.5,p1024_o128,1024,128,128,2,306.0,204.0,1036.0,1122.0,665.0,1036.0,306.0,204.0,1122.0,665.0,5448.118324042298,80.05314266930635,15615.372392057907,128,127.0,8.19705075141863,721.1592909879982,282.545,61.225,221.32,11.238,21.767,18.257,2.2073828125,1.7426771653543307,True,Phi-3-mini-Q4,phase_switch_e2e,,,,,,,
2026-05-19T19:16:00.169874,true_phase_switch,0.5,p128_o256,128,256,256,0,714.0,2133.0,1036.0,816.0,204.0,1036.0,714.0,2133.0,816.0,204.0,102.98379295272753,95.46794296863179,24448.286731960252,256,255.0,10.471081381148135,720.6357460236177,440.398,1.256,439.142,12.196,18.038,17.916,1.7203046875,1.7221254901960785,True,Phi-3-mini-Q4,phase_switch_e2e,,,,,,,
2026-05-19T19:16:32.469470,true_phase_switch,0.5,p128_o256,128,256,256,1,714.0,2133.0,1036.0,816.0,204.0,1036.0,714.0,2133.0,816.0,3199.0,103.47544599790126,96.71800567051761,24767.53823098261,256,255.0,10.336110016770272,731.1082629603334,442.384,1.252,441.132,12.095,17.885,17.765,1.7280625,1.729929411764706,True,Phi-3-mini-Q4,phase_switch_e2e,,,,,,,
2026-05-19T19:17:04.736212,true_phase_switch,0.5,p128_o256,128,256,256,2,714.0,2133.0,1036.0,816.0,204.0,1036.0,714.0,2133.0,816.0,204.0,104.05279195401818,96.65863170201763,24753.001485951245,256,255.0,10.342180124915144,721.4288980467245,442.703,1.269,441.434,12.196,17.908,17.789,1.72930859375,1.7311137254901963,True,Phi-3-mini-Q4,phase_switch_e2e,,,,,,,
2026-05-19T19:17:35.826651,true_phase_switch,0.5,p1024_o512,1024,512,512,0,306.0,204.0,1036.0,816.0,204.0,1036.0,306.0,204.0,816.0,204.0,5454.276668024249,96.9747033978497,23585.09737602435,187,186.0,7.928735549342975,711.1800810089335,387.632,61.289,326.343,11.237,17.999,16.529,2.0728983957219254,1.7545322580645162,False,Phi-3-mini-Q4,phase_switch_e2e,,,,,,,
2026-05-19T19:18:36.970753,true_phase_switch,0.5,p1024_o512,1024,512,512,1,306.0,204.0,1036.0,816.0,204.0,1036.0,306.0,204.0,816.0,204.0,5447.839410044253,96.7656685070086,53640.67735301796,498,497.0,9.283999094988706,711.1885159974918,937.354,61.385,875.968,11.268,18.176,17.518,1.8822369477911647,1.7625110663983903,True,Phi-3-mini-Q4,phase_switch_e2e,,,,,,,
2026-05-19T19:19:39.249997,true_phase_switch,0.5,p1024_o512,1024,512,512,2,306.0,204.0,1036.0,816.0,204.0,1036.0,306.0,204.0,816.0,204.0,5450.103605980985,96.45527399998475,54740.73536100332,512,511.0,9.353180892135823,711.4438629942015,961.02,61.135,899.884,11.217,18.256,17.566,1.8769921875,1.7610254403131116,True,Phi-3-mini-Q4,phase_switch_e2e,,,,,,,
2026-05-19T19:20:03.560026,true_phase_switch,0.5,p128_o512,128,512,512,0,714.0,2133.0,1036.0,816.0,204.0,1036.0,714.0,2133.0,816.0,204.0,103.70512399822474,94.48910418194083,16831.720584013965,177,176.0,10.5158589768955,720.7401110208593,302.832,1.192,301.64,11.495,18.031,17.821,1.710915254237288,1.7138636363636364,False,Phi-3-mini-Q4,phase_switch_e2e,,,,,,,
2026-05-19T19:20:35.052666,true_phase_switch,0.5,p128_o512,128,512,512,1,714.0,2133.0,1036.0,816.0,204.0,1036.0,714.0,2133.0,816.0,204.0,104.56325701670721,96.61006020728453,23968.782107986044,247,246.0,10.30507094132677,722.7428720216267,427.765,1.233,426.531,11.796,17.873,17.741,1.7318421052631578,1.7338658536585365,False,Phi-3-mini-Q4,phase_switch_e2e,,,,,,,
2026-05-19T19:21:32.133471,true_phase_switch,0.5,p128_o512,128,512,512,2,714.0,2133.0,1036.0,816.0,204.0,1036.0,714.0,2133.0,816.0,204.0,103.98091102251783,96.73904936984837,49539.64408900356,512,511.0,10.335157012435015,721.4772640145384,890.823,1.216,889.607,11.695,17.995,17.921,1.739888671875,1.7409138943248532,True,Phi-3-mini-Q4,phase_switch_e2e,,,,,,,
2026-05-19T19:22:53.844698,true_phase_switch,0.5,p128_o1024,128,1024,1024,0,714.0,2133.0,1036.0,816.0,204.0,1036.0,714.0,2133.0,816.0,204.0,99.79698102688417,95.72687303491676,74192.44106201222,774,773.0,10.432329613647138,720.4214209923521,1342.829,1.167,1341.662,11.695,18.108,18.063,1.734921188630491,1.7356558861578266,False,Phi-3-mini-Q4,phase_switch_e2e,,,,,,,
2026-05-19T19:23:11.122784,true_phase_switch,0.5,p128_o1024,128,1024,1024,1,714.0,2133.0,1036.0,816.0,204.0,1036.0,714.0,2133.0,816.0,204.0,103.91022602561861,97.5924836630857,9756.903780042194,99,98.0,10.146661505723271,721.030785003677,170.571,1.267,169.303,12.196,17.538,17.271,1.722939393939394,1.7275816326530613,False,Phi-3-mini-Q4,phase_switch_e2e,,,,,,,
2026-05-19T19:24:09.440187,true_phase_switch,0.5,p128_o1024,128,1024,1024,2,714.0,2133.0,1036.0,816.0,204.0,1036.0,714.0,2133.0,816.0,204.0,104.77354004979134,96.22745623379616,50814.70918800915,527,526.0,10.371012811470685,723.5666280030273,917.382,1.278,916.104,12.196,18.065,18.006,1.740762808349146,1.741642585551331,False,Phi-3-mini-Q4,phase_switch_e2e,,,,,,,
2026-05-19T19:25:29.373855,true_phase_switch,0.5,p512_o1024,512,1024,1024,0,306.0,204.0,1036.0,816.0,204.0,1036.0,306.0,204.0,816.0,204.0,2749.5243119774386,96.75538532406102,72416.66962002637,720,719.0,9.942462195208279,711.2722749589011,1295.673,30.783,1264.89,11.196,18.156,17.909,1.7995458333333334,1.7592350486787205,False,Phi-3-mini-Q4,phase_switch_e2e,,,,,,,
2026-05-19T19:26:18.125967,true_phase_switch,0.5,p512_o1024,512,1024,1024,1,306.0,204.0,1036.0,816.0,204.0,1036.0,306.0,204.0,816.0,204.0,2225.3985429997556,96.51713984369626,41214.00536003057,404,403.0,9.802493023204196,713.2046140031889,727.336,24.691,702.644,11.095,18.021,17.679,1.8003366336633664,1.7435334987593052,False,Phi-3-mini-Q4,phase_switch_e2e,,,,,,,
2026-05-19T19:27:54.526849,true_phase_switch,0.5,p512_o1024,512,1024,1024,2,306.0,204.0,1036.0,816.0,204.0,1036.0,306.0,204.0,816.0,204.0,2225.7718720356934,97.18202923482096,88818.02939000772,891,890.0,10.031747001360964,713.3519880007952,1596.449,24.701,1571.749,11.098,18.151,17.988,1.791749719416386,1.7660101123595506,False,Phi-3-mini-Q4,phase_switch_e2e,,,,,,,
2026-05-19T19:28:07.095044,true_phase_switch,1.0,p128_o64,128,64,64,0,714.0,3199.0,1036.0,1300.0,665.0,1036.0,714.0,3199.0,1300.0,665.0,103.89353800565004,78.79227861884006,5068.081965029705,64,63.0,12.628051488039594,724.2937679984607,121.379,1.309,120.07,12.595,24.185,23.026,1.896546875,1.9058730158730157,True,Phi-3-mini-Q4,phase_switch_e2e,,,,,,,
2026-05-19T19:28:18.849527,true_phase_switch,1.0,p128_o64,128,64,64,1,714.0,3199.0,1036.0,1300.0,665.0,1036.0,714.0,3199.0,1300.0,665.0,103.77882199827582,78.69474409565714,5061.813806009013,64,63.0,12.64368909105742,720.8470960031264,121.248,1.338,119.911,12.89,24.183,23.053,1.8945,1.9033492063492063,True,Phi-3-mini-Q4,phase_switch_e2e,,,,,,,
2026-05-19T19:28:30.606508,true_phase_switch,1.0,p128_o64,128,64,64,2,714.0,3199.0,1036.0,1300.0,665.0,1036.0,714.0,3199.0,1300.0,665.0,104.00217800633982,78.73563111079709,5064.6477959817275,64,63.0,12.636614149315054,720.5723259830847,121.211,1.351,119.859,12.994,24.159,23.043,1.893921875,1.9025238095238095,True,Phi-3-mini-Q4,phase_switch_e2e,,,,,,,
2026-05-19T19:28:49.091461,true_phase_switch,1.0,p512_o128,512,128,128,0,1122.0,204.0,1036.0,1020.0,204.0,1036.0,1122.0,3199.0,1020.0,204.0,560.4419499868527,88.23104866131348,11766.29276497988,128,127.0,10.878532648870298,720.4381950432435,236.92,9.966,226.954,17.782,20.252,20.149,1.8509375,1.7870393700787401,True,Phi-3-mini-Q4,phase_switch_e2e,,,,,,,
2026-05-19T19:29:07.876480,true_phase_switch,1.0,p512_o128,512,128,128,1,1122.0,204.0,1036.0,1020.0,204.0,1036.0,1122.0,204.0,1020.0,204.0,560.7789490022697,88.12246229142083,11752.839377964847,128,127.0,10.89098522353539,713.0884369835258,238.435,9.69,228.746,17.279,20.437,20.3,1.8627734375,1.8011496062992127,True,Phi-3-mini-Q4,phase_switch_e2e,,,,,,,
2026-05-19T19:29:26.662505,true_phase_switch,1.0,p512_o128,512,128,128,2,1122.0,204.0,1036.0,1020.0,204.0,1036.0,1122.0,204.0,1020.0,204.0,557.6253830222413,88.14341611023552,11752.34512402676,128,127.0,10.891443252318544,711.2004090449773,238.636,9.635,229.0,17.279,20.455,20.317,1.86434375,1.8031496062992125,True,Phi-3-mini-Q4,phase_switch_e2e,,,,,,,
2026-05-19T19:29:59.007862,true_phase_switch,1.0,p1024_o128,1024,128,128,0,714.0,2133.0,1036.0,408.0,2133.0,1036.0,714.0,2133.0,408.0,2133.0,2129.9087209627032,182.36730739384464,25291.080927010626,128,127.0,5.061072730319615,711.1339360126294,335.517,30.652,304.866,14.391,13.162,13.261,2.6212265625,2.4005196850393697,True,Phi-3-mini-Q4,phase_switch_e2e,,,,,,,
2026-05-19T19:30:11.175722,true_phase_switch,1.0,p1024_o128,1024,128,128,1,714.0,2133.0,1036.0,408.0,2133.0,1036.0,714.0,2133.0,714.0,2133.0,2127.3491290048696,2127.3491290048696,2127.3491290048696,0,0.0,0.0,0.0,30.14,30.135,0.005,14.166,13.894,14.111,0.0,0.0,False,Phi-3-mini-Q4,phase_switch_e2e,,,,,,,
2026-05-19T19:30:21.051132,true_phase_switch,1.0,p1024_o128,1024,128,128,2,714.0,2133.0,1036.0,408.0,2133.0,1036.0,714.0,2133.0,714.0,2133.0,2127.7952680247836,2127.7952680247836,2127.7952680247836,0,0.0,0.0,0.0,30.469,30.464,0.005,14.317,13.794,14.212,0.0,0.0,False,Phi-3-mini-Q4,phase_switch_e2e,,,,,,,
2026-05-19T19:30:49.868668,true_phase_switch,1.0,p128_o256,128,256,256,0,408.0,204.0,1036.0,1020.0,204.0,1036.0,408.0,204.0,1020.0,204.0,172.1068469923921,81.82088841967212,21037.409028969705,256,255.0,12.168798907102747,711.4393329829909,433.599,1.892,431.706,10.995,20.689,20.459,1.69374609375,1.692964705882353,True,Phi-3-mini-Q4,phase_switch_e2e,,,,,,,
2026-05-19T19:31:17.970509,true_phase_switch,1.0,p128_o256,128,256,256,1,408.0,204.0,1036.0,1020.0,204.0,1036.0,408.0,204.0,1020.0,204.0,171.24512104783207,81.89996587450379,21056.689720018767,256,255.0,12.157656469460093,711.3115749671124,434.285,1.968,432.316,11.495,20.699,20.48,1.69642578125,1.695356862745098,True,Phi-3-mini-Q4,phase_switch_e2e,,,,,,,
2026-05-19T19:31:46.057743,true_phase_switch,1.0,p128_o256,128,256,256,2,408.0,204.0,1036.0,1020.0,204.0,1036.0,408.0,204.0,1020.0,204.0,175.8489939966239,81.84264263539922,21046.772931993473,256,255.0,12.16338489644895,711.4072159747593,433.377,2.021,431.356,11.495,20.667,20.449,1.69287890625,1.691592156862745,True,Phi-3-mini-Q4,phase_switch_e2e,,,,,,,
2026-05-19T19:32:35.848298,true_phase_switch,1.0,p1024_o512,1024,512,512,0,306.0,2133.0,1036.0,1300.0,665.0,1036.0,306.0,2133.0,1300.0,665.0,5449.319846055005,72.92507597064844,42716.08516504057,512,511.0,11.9861171271151,721.1451000184752,1031.222,61.722,969.499,11.327,26.015,24.266,2.01410546875,1.8972583170254405,True,Phi-3-mini-Q4,phase_switch_e2e,,,,,,,
2026-05-19T19:32:48.016528,true_phase_switch,1.0,p1024_o512,1024,512,512,1,306.0,2133.0,1036.0,1300.0,665.0,1036.0,306.0,2133.0,306.0,2133.0,5452.400340989698,5452.400340989698,5452.400340989698,0,0.0,0.0,0.0,61.535,61.53,0.004,11.285,11.395,11.295,0.0,0.0,False,Phi-3-mini-Q4,phase_switch_e2e,,,,,,,
2026-05-19T19:33:42.827603,true_phase_switch,1.0,p1024_o512,1024,512,512,2,306.0,2133.0,1036.0,1300.0,665.0,1036.0,306.0,2133.0,1300.0,665.0,5447.761062008794,72.9327508356147,42718.37707597297,512,511.0,11.985474052289673,721.9400570029393,1027.0,60.665,966.335,11.136,25.927,24.166,2.005859375,1.8910665362035226,True,Phi-3-mini-Q4,phase_switch_e2e,,,,,,,
2026-05-19T19:34:02.101481,true_phase_switch,1.0,p128_o512,128,512,512,0,408.0,204.0,1036.0,1020.0,204.0,1036.0,408.0,204.0,1020.0,204.0,172.29297501035035,81.95956491981633,12543.44741400564,151,150.0,12.038157853749032,713.464668020606,255.702,1.981,253.721,11.495,20.508,20.148,1.6933907284768213,1.6914733333333334,False,Phi-3-mini-Q4,phase_switch_e2e,,,,,,,
2026-05-19T19:34:51.077975,true_phase_switch,1.0,p128_o512,128,512,512,1,408.0,204.0,1036.0,1020.0,204.0,1036.0,408.0,204.0,1020.0,204.0,170.99440598394722,81.70330856171293,41923.46752999583,512,511.0,12.212730247889658,711.3919979892671,877.903,2.051,875.852,11.994,20.977,20.867,1.714654296875,1.713996086105675,True,Phi-3-mini-Q4,phase_switch_e2e,,,,,,,
2026-05-19T19:35:40.062519,true_phase_switch,1.0,p128_o512,128,512,512,2,408.0,204.0,1036.0,1020.0,204.0,1036.0,408.0,204.0,1020.0,204.0,173.7593139987439,81.6949152603195,41921.8314680038,512,511.0,12.213206867900707,711.118424020242,877.927,1.997,875.929,11.495,20.981,20.865,1.714701171875,1.714146771037182,True,Phi-3-mini-Q4,phase_switch_e2e,,,,,,,
2026-05-19T19:36:44.741399,true_phase_switch,1.0,p128_o1024,128,1024,1024,0,408.0,204.0,1036.0,1020.0,204.0,1036.0,408.0,204.0,1020.0,204.0,171.26311600441113,81.34472635739768,57602.582986990456,706,705.0,12.256394824507264,711.2777339643799,1208.604,2.054,1206.55,11.994,21.008,20.928,1.7119036827195468,1.711418439716312,False,Phi-3-mini-Q4,phase_switch_e2e,,,,,,,
2026-05-19T19:37:26.863633,true_phase_switch,1.0,p128_o1024,128,1024,1024,1,408.0,204.0,1036.0,1020.0,204.0,1036.0,408.0,204.0,1020.0,204.0,173.63516701152548,82.09203709661521,35065.40821498493,425,424.0,12.120206825893433,711.2133110058494,730.21,1.996,728.214,11.495,20.87,20.734,1.7181411764705883,1.7174858490566038,False,Phi-3-mini-Q4,phase_switch_e2e,,,,,,,
2026-05-19T19:37:59.914018,true_phase_switch,1.0,p128_o1024,128,1024,1024,2,408.0,204.0,1036.0,1020.0,204.0,1036.0,408.0,204.0,1020.0,204.0,173.37200295878574,81.99058020703204,26001.123469963204,315,314.0,12.114861127592876,711.3379099755548,540.225,1.993,538.232,11.495,20.839,20.656,1.715,1.7141146496815285,False,Phi-3-mini-Q4,phase_switch_e2e,,,,,,,
2026-05-19T19:38:54.956572,true_phase_switch,1.0,p512_o1024,512,1024,1024,0,306.0,2133.0,1036.0,1300.0,665.0,1036.0,306.0,2133.0,1300.0,665.0,2226.640366949141,72.02387031546738,47963.21552299196,635,634.0,13.239312524732673,722.1192930010147,1215.144,25.094,1190.049,11.27,26.019,25.392,1.9136125984251968,1.8770488958990537,False,Phi-3-mini-Q4,phase_switch_e2e,,,,,,,
2026-05-19T19:39:36.457647,true_phase_switch,1.0,p512_o1024,512,1024,1024,1,306.0,2133.0,1036.0,1300.0,665.0,1036.0,306.0,2133.0,1300.0,665.0,2222.395981021691,71.49497248011329,34754.377223027404,455,454.0,13.091876084562035,722.0501799602062,874.453,25.603,848.851,11.52,26.092,25.235,1.9218747252747252,1.869715859030837,False,Phi-3-mini-Q4,phase_switch_e2e,,,,,,,
2026-05-19T19:40:39.860965,true_phase_switch,1.0,p512_o1024,512,1024,1024,2,306.0,2133.0,1036.0,1300.0,665.0,1036.0,306.0,2133.0,1300.0,665.0,2227.8760420158505,72.41780894001324,56615.522250998765,751,750.0,13.264913404322636,723.7978500197642,1444.491,25.057,1419.434,11.247,26.098,25.563,1.9234234354194408,1.8925786666666666,False,Phi-3-mini-Q4,phase_switch_e2e,,,,,,,
2026-05-19T19:40:52.453882,single_config,0.0,p128_o64,128,64,64,0,,,,,,,,,,,92.11389598203823,91.92962219129272,5883.991381037049,64,,10.876970385486874,,106.282,,,,,17.714,1.66065625,,True,Phi-3-mini-Q4,phase_switch_e2e,816.0,204.0,1036.0,816.0,204.0,1036.0,
2026-05-19T19:41:05.801772,single_config,0.0,p128_o64,128,64,64,1,,,,,,,,,,,91.90614201361313,91.83537036490937,5877.802466973662,64,,10.88842307301151,,105.9,,,,,17.65,1.6546875,,True,Phi-3-mini-Q4,phase_switch_e2e,816.0,204.0,1036.0,816.0,204.0,1036.0,
2026-05-19T19:41:19.152043,single_config,0.0,p128_o64,128,64,64,2,,,,,,,,,,,92.03162597259507,91.86164423867706,5879.582148976624,64,,10.885127272375907,,105.78,,,,,17.63,1.6528125,,True,Phi-3-mini-Q4,phase_switch_e2e,816.0,204.0,1036.0,816.0,204.0,1036.0,
2026-05-19T19:41:27.378576,single_config,0.0,p512_o128,512,128,128,0,,,,,,,,,,,760.3091279743239,760.3091279743239,760.3091279743239,0,,0.0,,14.844,,,,,14.844,0.0,,False,Phi-3-mini-Q4,phase_switch_e2e,816.0,204.0,1036.0,816.0,204.0,1036.0,
2026-05-19T19:41:48.086257,single_config,0.0,p512_o128,512,128,128,1,,,,,,,,,,,760.6528450269252,98.15148257478104,13226.397389022168,128,,9.677616378458374,,230.928,,,,,17.764,1.804125,,True,Phi-3-mini-Q4,phase_switch_e2e,816.0,204.0,1036.0,816.0,204.0,1036.0,
2026-05-19T19:42:08.796470,single_config,0.0,p512_o128,512,128,128,2,,,,,,,,,,,760.6602740124799,98.14776439360878,13225.931745022535,128,,9.677957097288944,,230.922,,,,,17.763,1.804078125,,True,Phi-3-mini-Q4,phase_switch_e2e,816.0,204.0,1036.0,816.0,204.0,1036.0,
2026-05-19T19:42:33.767363,single_config,0.0,p1024_o128,1024,128,128,0,,,,,,,,,,,2497.6675619836897,118.01186738596262,17485.693392984103,128,,7.320270184501706,,266.381,,,,,15.222,2.0811015625,,True,Phi-3-mini-Q4,phase_switch_e2e,612.0,204.0,1036.0,612.0,204.0,1036.0,
2026-05-19T19:42:59.629488,single_config,0.0,p1024_o128,1024,128,128,1,,,,,,,,,,,2496.7083189985715,119.03104803975906,17614.16606104467,128,,7.266878236323866,,267.364,,,,,15.278,2.08878125,,True,Phi-3-mini-Q4,phase_switch_e2e,612.0,204.0,1036.0,612.0,204.0,1036.0,
2026-05-19T19:43:25.459428,single_config,0.0,p1024_o128,1024,128,128,2,,,,,,,,,,,2500.997728027869,118.80119862199915,17589.26145802252,128,,7.277167395883969,,266.984,,,,,15.256,2.0858125,,True,Phi-3-mini-Q4,phase_switch_e2e,612.0,204.0,1036.0,612.0,204.0,1036.0,
2026-05-19T19:43:57.517062,single_config,0.0,p128_o256,128,256,256,0,,,,,,,,,,,93.16502400906757,92.99175940390091,23807.072060008068,256,,10.753107284874293,,424.843,,,,,18.078,1.65954296875,,True,Phi-3-mini-Q4,phase_switch_e2e,816.0,204.0,1036.0,816.0,204.0,1036.0,
2026-05-19T19:44:29.051411,single_config,0.0,p128_o256,128,256,256,1,,,,,,,,,,,91.94479900179431,93.93432693733997,24046.172444999684,256,,10.646184983724272,,423.269,,,,,18.011,1.65339453125,,True,Phi-3-mini-Q4,phase_switch_e2e,816.0,204.0,1036.0,816.0,204.0,1036.0,
2026-05-19T19:45:00.573958,single_config,0.0,p128_o256,128,256,256,2,,,,,,,,,,,93.99711998412386,93.88577746679348,24035.852394998074,256,,10.650756036980585,,422.906,,,,,17.996,1.6519765625,,True,Phi-3-mini-Q4,phase_switch_e2e,816.0,204.0,1036.0,816.0,204.0,1036.0,
2026-05-19T19:45:58.711637,single_config,0.0,p1024_o512,1024,512,512,0,,,,,,,,,,,1881.3933850033209,95.41728552451372,50641.58217102522,512,,10.110268637952288,,905.574,,,,,18.294,1.76869921875,,True,Phi-3-mini-Q4,phase_switch_e2e,816.0,204.0,1036.0,816.0,204.0,1036.0,
2026-05-19T19:46:08.077956,single_config,0.0,p1024_o512,1024,512,512,1,,,,,,,,,,,1882.272305956576,1882.272305956576,1882.272305956576,0,,0.0,,31.036,,,,,15.518,0.0,,False,Phi-3-mini-Q4,phase_switch_e2e,816.0,204.0,1036.0,816.0,204.0,1036.0,
2026-05-19T19:47:03.072405,single_config,0.0,p1024_o512,1024,512,512,2,,,,,,,,,,,1866.029450960923,94.86278903750645,47499.95729298098,481,,10.126324894003154,,853.336,,,,,18.351,1.774087318087318,,True,Phi-3-mini-Q4,phase_switch_e2e,816.0,204.0,1036.0,816.0,204.0,1036.0,
2026-05-19T19:47:59.193446,single_config,0.0,p128_o512,128,512,512,0,,,,,,,,,,,91.78388305008411,94.96315214666765,48619.9604330468,512,,10.530654394609412,,859.265,,,,,18.09,1.678251953125,,True,Phi-3-mini-Q4,phase_switch_e2e,816.0,204.0,1036.0,816.0,204.0,1036.0,
2026-05-19T19:48:55.446921,single_config,0.0,p128_o512,128,512,512,1,,,,,,,,,,,91.58094396116212,95.22335290411714,48752.69112299429,512,,10.501984366530985,,855.915,,,,,18.019,1.671708984375,,True,Phi-3-mini-Q4,phase_switch_e2e,816.0,204.0,1036.0,816.0,204.0,1036.0,
2026-05-19T19:49:51.452440,single_config,0.0,p128_o512,128,512,512,2,,,,,,,,,,,91.93977899849415,94.82576772014733,48549.93736697361,512,,10.545842647127515,,859.438,,,,,18.093,1.67858984375,,True,Phi-3-mini-Q4,phase_switch_e2e,816.0,204.0,1036.0,816.0,204.0,1036.0,
2026-05-19T19:50:32.582253,single_config,0.0,p128_o1024,128,1024,1024,0,,,,,,,,,,,94.04135099612176,94.46239557628925,33631.59564498346,355,,10.555550314870425,,597.122,,,,,18.095,1.6820338028169013,,False,Phi-3-mini-Q4,phase_switch_e2e,816.0,204.0,1036.0,816.0,204.0,1036.0,
2026-05-19T19:51:36.437207,single_config,0.0,p128_o1024,128,1024,1024,1,,,,,,,,,,,91.86680102720857,95.19547605087934,56351.71121003805,591,,10.48770280989664,,995.724,,,,,18.104,1.6848121827411169,,False,Phi-3-mini-Q4,phase_switch_e2e,816.0,204.0,1036.0,816.0,204.0,1036.0,
2026-05-19T19:52:43.184453,single_config,0.0,p128_o1024,128,1024,1024,2,,,,,,,,,,,93.75356102827936,94.78646839324558,59240.35558500327,624,,10.533360136649247,,1050.319,,,,,18.109,1.6832035256410256,,False,Phi-3-mini-Q4,phase_switch_e2e,816.0,204.0,1036.0,816.0,204.0,1036.0,
2026-05-19T19:52:51.433527,single_config,0.0,p512_o1024,512,1024,1024,0,,,,,,,,,,,762.9000569577329,762.9000569577329,762.9000569577329,0,,0.0,,14.84,,,,,14.84,0.0,,False,Phi-3-mini-Q4,phase_switch_e2e,816.0,204.0,1036.0,816.0,204.0,1036.0,
2026-05-19T19:53:41.956256,single_config,0.0,p512_o1024,512,1024,1024,1,,,,,,,,,,,762.9041729960591,94.75241913931089,43026.21741901385,446,,10.365772934594682,,762.971,,,,,18.166,1.7106973094170403,,False,Phi-3-mini-Q4,phase_switch_e2e,816.0,204.0,1036.0,816.0,204.0,1036.0,
2026-05-19T19:54:45.207054,single_config,0.0,p512_o1024,512,1024,1024,2,,,,,,,,,,,756.8693750072271,95.19903907970811,55785.48121597851,578,,10.361118832375418,,990.45,,,,,18.173,1.7135813148788928,,False,Phi-3-mini-Q4,phase_switch_e2e,816.0,204.0,1036.0,816.0,204.0,1036.0,
2026-05-19T19:54:57.355874,single_config,0.5,p128_o64,128,64,64,0,,,,,,,,,,,73.38461797917262,72.63007250777076,4649.352619948331,64,,13.76535729413254,,109.058,,,,,21.812,1.70403125,,True,Phi-3-mini-Q4,phase_switch_e2e,1122.0,665.0,1036.0,1122.0,665.0,1036.0,
2026-05-19T19:55:08.857224,single_config,0.5,p128_o64,128,64,64,1,,,,,,,,,,,72.6992609561421,72.65873482572802,4650.466876977589,64,,13.762059099234914,,109.012,,,,,21.802,1.7033125,,True,Phi-3-mini-Q4,phase_switch_e2e,1122.0,665.0,1036.0,1122.0,665.0,1036.0,
2026-05-19T19:55:20.355738,single_config,0.5,p128_o64,128,64,64,2,,,,,,,,,,,72.21757899969816,72.6424133181498,4648.954828036949,64,,13.766535139044233,,108.06,,,,,21.612,1.6884375,,True,Phi-3-mini-Q4,phase_switch_e2e,1122.0,665.0,1036.0,1122.0,665.0,1036.0,
2026-05-19T19:55:37.647682,single_config,0.5,p512_o128,512,128,128,0,,,,,,,,,,,557.9857410048135,77.79385085817148,10438.307380012702,128,,12.26252450134729,,236.628,,,,,22.536,1.84865625,,True,Phi-3-mini-Q4,phase_switch_e2e,1122.0,665.0,1036.0,1122.0,665.0,1036.0,
2026-05-19T19:55:54.947269,single_config,0.5,p512_o128,512,128,128,1,,,,,,,,,,,558.7837930070236,77.7945974172555,10439.204564027023,128,,12.261470614445242,,234.683,,,,,22.351,1.8334609375,,True,Phi-3-mini-Q4,phase_switch_e2e,1122.0,665.0,1036.0,1122.0,665.0,1036.0,
2026-05-19T19:56:12.249281,single_config,0.5,p512_o128,512,128,128,2,,,,,,,,,,,723.0301199597307,198.31926628652656,10441.160907968879,50,,4.788739532003488,,234.126,,,,,22.298,4.68252,,False,Phi-3-mini-Q4,phase_switch_e2e,1122.0,665.0,1036.0,1122.0,665.0,1036.0,
2026-05-19T19:56:29.945741,single_config,0.5,p1024_o128,1024,128,128,0,,,,,,,,,,,1383.7778230081312,74.40818364568803,10834.131470008288,128,,11.814514191039448,,246.706,,,,,22.428,1.927390625,,True,Phi-3-mini-Q4,phase_switch_e2e,1122.0,665.0,1036.0,1122.0,665.0,1036.0,
2026-05-19T19:56:47.645924,single_config,0.5,p1024_o128,1024,128,128,1,,,,,,,,,,,1385.9324179938994,74.38846416569747,10833.778939035255,128,,11.814898635120052,,246.058,,,,,22.369,1.922328125,,True,Phi-3-mini-Q4,phase_switch_e2e,1122.0,665.0,1036.0,1122.0,665.0,1036.0,
2026-05-19T19:57:05.344750,single_config,0.5,p1024_o128,1024,128,128,2,,,,,,,,,,,1383.7620590347797,74.38843520440705,10831.610214023385,128,,11.817264235956529,,246.219,,,,,22.384,1.9235859375,,True,Phi-3-mini-Q4,phase_switch_e2e,1122.0,665.0,1036.0,1122.0,665.0,1036.0,
2026-05-19T19:57:35.777498,single_config,0.5,p128_o256,128,256,256,0,,,,,,,,,,,92.49236696632579,91.98658990984161,23550.053058948833,256,,10.870463831193875,,416.327,,,,,18.101,1.62627734375,,True,Phi-3-mini-Q4,phase_switch_e2e,816.0,204.0,1036.0,816.0,204.0,1036.0,
2026-05-19T19:58:07.190186,single_config,0.5,p128_o256,128,256,256,1,,,,,,,,,,,93.65176799474284,93.50114434126618,23937.413247011136,256,,10.694555729908059,,424.123,,,,,18.048,1.65673046875,,True,Phi-3-mini-Q4,phase_switch_e2e,816.0,204.0,1036.0,816.0,204.0,1036.0,
2026-05-19T19:58:38.610657,single_config,0.5,p128_o256,128,256,256,2,,,,,,,,,,,93.76396395964548,93.53231640016733,23945.487533987034,256,,10.690949584411106,,423.917,,,,,18.039,1.65592578125,,True,Phi-3-mini-Q4,phase_switch_e2e,816.0,204.0,1036.0,816.0,204.0,1036.0,
2026-05-19T19:59:28.975015,single_config,0.5,p1024_o512,1024,512,512,0,,,,,,,,,,,1869.741937960498,94.26530988480303,42878.52070998633,435,,10.1449395360948,,768.148,,,,,18.289,1.7658574712643678,,False,Phi-3-mini-Q4,phase_switch_e2e,816.0,204.0,1036.0,816.0,204.0,1036.0,
2026-05-19T20:00:26.831272,single_config,0.5,p1024_o512,1024,512,512,1,,,,,,,,,,,1866.4002500008792,95.02925078483452,50428.343193023466,512,,10.15302045598105,,906.51,,,,,18.313,1.77052734375,,True,Phi-3-mini-Q4,phase_switch_e2e,816.0,204.0,1036.0,816.0,204.0,1036.0,
2026-05-19T20:01:24.715431,single_config,0.5,p1024_o512,1024,512,512,2,,,,,,,,,,,1870.3752550063655,95.04021925431606,50437.93476599967,512,,10.151089698167825,,904.096,,,,,18.265,1.7658125,,True,Phi-3-mini-Q4,phase_switch_e2e,816.0,204.0,1036.0,816.0,204.0,1036.0,
2026-05-19T20:02:00.628013,single_config,0.5,p128_o512,128,512,512,0,,,,,,,,,,,91.74192696809769,93.38011209570216,28483.704557991587,304,,10.672769034697337,,506.774,,,,,18.099,1.6670197368421054,,False,Phi-3-mini-Q4,phase_switch_e2e,816.0,204.0,1036.0,816.0,204.0,1036.0,
2026-05-19T20:02:56.908999,single_config,0.5,p128_o512,128,512,512,1,,,,,,,,,,,92.03280496876687,95.28647499808717,48785.43600899866,512,,10.49493541280557,,858.72,,,,,18.078,1.6771875,,True,Phi-3-mini-Q4,phase_switch_e2e,816.0,204.0,1036.0,816.0,204.0,1036.0,
2026-05-19T20:03:38.638733,single_config,0.5,p128_o512,128,512,512,2,,,,,,,,,,,93.65880099358037,94.39220993071433,34267.170279985294,362,,10.564047076027059,,606.759,,,,,18.112,1.6761298342541437,,False,Phi-3-mini-Q4,phase_switch_e2e,816.0,204.0,1036.0,816.0,204.0,1036.0,
2026-05-19T20:04:56.947032,single_config,0.5,p128_o1024,128,1024,1024,0,,,,,,,,,,,92.16212900355458,95.17110361050214,70804.73136296496,743,,10.49364902171824,,1251.405,,,,,18.136,1.6842597577388962,,False,Phi-3-mini-Q4,phase_switch_e2e,816.0,204.0,1036.0,816.0,204.0,1036.0,
2026-05-19T20:05:22.692169,single_config,0.5,p128_o1024,128,1024,1024,1,,,,,,,,,,,93.66141998907551,91.41757008601968,18291.900647978764,199,,10.879131908142597,,324.854,,,,,18.047,1.63243216080402,,False,Phi-3-mini-Q4,phase_switch_e2e,816.0,204.0,1036.0,816.0,204.0,1036.0,
2026-05-19T20:06:05.269440,single_config,0.5,p128_o1024,128,1024,1024,2,,,,,,,,,,,94.10954301711172,95.08029911435547,35086.740229977295,368,,10.488292659504156,,621.51,,,,,18.015,1.6888858695652174,,False,Phi-3-mini-Q4,phase_switch_e2e,816.0,204.0,1036.0,816.0,204.0,1036.0,
2026-05-19T20:06:43.286557,single_config,0.5,p512_o1024,512,1024,1024,0,,,,,,,,,,,755.6612170301378,95.42421072008764,30524.67479801271,312,,10.221239114406963,,543.264,,,,,18.109,1.7412307692307694,,False,Phi-3-mini-Q4,phase_switch_e2e,816.0,204.0,1036.0,816.0,204.0,1036.0,
2026-05-19T20:08:30.464593,single_config,0.5,p512_o1024,512,1024,1024,1,,,,,,,,,,,763.3687219931744,96.72082312907413,99712.80030498747,1024,,10.269493955319007,,1770.554,,,,,18.253,1.729056640625,,True,Phi-3-mini-Q4,phase_switch_e2e,816.0,204.0,1036.0,816.0,204.0,1036.0,
2026-05-19T20:09:46.083805,single_config,0.5,p512_o1024,512,1024,1024,2,,,,,,,,,,,757.0905680186115,95.1889394257215,68155.26489296462,708,,10.38804560604215,,1215.6,,,,,18.28,1.7169491525423728,,False,Phi-3-mini-Q4,phase_switch_e2e,816.0,204.0,1036.0,816.0,204.0,1036.0,
2026-05-19T20:09:57.847390,single_config,1.0,p128_o64,128,64,64,0,,,,,,,,,,,67.06950202351436,67.29523266669334,4306.9354930194095,64,,14.859753554175551,,113.138,,,,,25.142,1.76778125,,True,Phi-3-mini-Q4,phase_switch_e2e,1300.0,665.0,1036.0,1300.0,665.0,1036.0,
2026-05-19T20:10:08.835953,single_config,1.0,p128_o64,128,64,64,1,,,,,,,,,,,67.27326399413869,67.2993784602214,4307.399190962315,64,,14.858153879557603,,113.68,,,,,25.262,1.77625,,True,Phi-3-mini-Q4,phase_switch_e2e,1300.0,665.0,1036.0,1300.0,665.0,1036.0,
2026-05-19T20:10:19.824160,single_config,1.0,p128_o64,128,64,64,2,,,,,,,,,,,67.57609598571435,67.28977736525445,4307.0966429659165,64,,14.85919757675297,,113.434,,,,,25.208,1.77240625,,True,Phi-3-mini-Q4,phase_switch_e2e,1300.0,665.0,1036.0,1300.0,665.0,1036.0,
2026-05-19T20:10:37.617825,single_config,1.0,p512_o128,512,128,128,0,,,,,,,,,,,608.2648590090685,82.57939035437752,11096.354563022032,128,,11.535319935301336,,228.896,,,,,20.809,1.78825,,True,Phi-3-mini-Q4,phase_switch_e2e,1020.0,204.0,1036.0,1020.0,204.0,1036.0,
2026-05-19T20:10:55.729295,single_config,1.0,p512_o128,512,128,128,1,,,,,,,,,,,608.2932419958524,82.60705631490298,11099.89911498269,128,,11.531636339579434,,228.478,,,,,20.771,1.784984375,,True,Phi-3-mini-Q4,phase_switch_e2e,1020.0,204.0,1036.0,1020.0,204.0,1036.0,
2026-05-19T20:11:13.839840,single_config,1.0,p512_o128,512,128,128,2,,,,,,,,,,,608.3636779803783,82.59056362976122,11097.879747976549,128,,11.533734632810194,,228.672,,,,,20.788,1.7865,,True,Phi-3-mini-Q4,phase_switch_e2e,1020.0,204.0,1036.0,1020.0,204.0,1036.0,
2026-05-19T20:11:47.182106,single_config,1.0,p1024_o128,1024,128,128,0,,,,,,,,,,,3897.623641998507,176.49323329160825,26312.797478050925,128,,4.864553079419718,,339.203,,,,,13.046,2.6500234375,,True,Phi-3-mini-Q4,phase_switch_e2e,408.0,2133.0,1036.0,408.0,2133.0,1036.0,
2026-05-19T20:12:23.507804,single_config,1.0,p1024_o128,1024,128,128,1,,,,,,,,,,,3883.805181016214,176.4291131494963,26290.830383019056,128,,4.868617618204776,,338.642,,,,,13.025,2.645640625,,True,Phi-3-mini-Q4,phase_switch_e2e,408.0,2133.0,1036.0,408.0,2133.0,1036.0,
2026-05-19T20:12:37.415425,single_config,1.0,p1024_o128,1024,128,128,2,,,,,,,,,,,3879.0747210150585,3879.0747210150585,3879.0747210150585,0,,0.0,,47.331,,,,,11.833,0.0,,False,Phi-3-mini-Q4,phase_switch_e2e,408.0,2133.0,1036.0,408.0,2133.0,1036.0,
2026-05-19T20:13:07.706868,single_config,1.0,p128_o256,128,256,256,0,,,,,,,,,,,77.48832099605352,78.99991099622247,20223.437641980127,256,,12.658579838503382,,418.736,,,,,20.937,1.6356875,,True,Phi-3-mini-Q4,phase_switch_e2e,1020.0,204.0,1036.0,1020.0,204.0,1036.0,
2026-05-19T20:13:28.529768,single_config,1.0,p128_o256,128,256,256,1,,,,,,,,,,,77.69114302936941,77.5374311190469,13806.754813005682,177,,12.819811925194008,,282.468,,,,,20.924,1.595864406779661,,False,Phi-3-mini-Q4,phase_switch_e2e,1020.0,204.0,1036.0,1020.0,204.0,1036.0,
2026-05-19T20:13:55.788992,single_config,1.0,p128_o256,128,256,256,2,,,,,,,,,,,77.64542999211699,79.0678185059269,20240.92703795759,256,,12.647642053149344,,418.733,,,,,20.937,1.63567578125,,True,Phi-3-mini-Q4,phase_switch_e2e,1020.0,204.0,1036.0,1020.0,204.0,1036.0,
2026-05-19T20:14:40.581931,single_config,1.0,p1024_o512,1024,512,512,0,,,,,,,,,,,1219.3124190089293,71.49257554983403,37754.04975598212,512,,13.561459056955172,,974.618,,,,,26.341,1.90355078125,,True,Phi-3-mini-Q4,phase_switch_e2e,1300.0,665.0,1036.0,1300.0,665.0,1036.0,
2026-05-19T20:14:48.492235,single_config,1.0,p1024_o512,1024,512,512,1,,,,,,,,,,,1218.505589000415,1218.505589000415,1218.505589000415,0,,0.0,,33.715,,,,,22.477,0.0,,False,Phi-3-mini-Q4,phase_switch_e2e,1300.0,665.0,1036.0,1300.0,665.0,1036.0,
2026-05-19T20:15:11.900717,single_config,1.0,p1024_o512,1024,512,512,2,,,,,,,,,,,1219.1564670065418,70.11996949546632,16716.923349013086,221,,13.220135989499953,,433.538,,,,,26.275,1.961710407239819,,False,Phi-3-mini-Q4,phase_switch_e2e,1300.0,665.0,1036.0,1300.0,665.0,1036.0,
2026-05-19T20:15:59.764471,single_config,1.0,p128_o512,128,512,512,0,,,,,,,,,,,77.7307620155625,80.33403517416845,41130.412429978605,512,,12.448209724899817,,852.836,,,,,21.058,1.6656953125,,True,Phi-3-mini-Q4,phase_switch_e2e,1020.0,204.0,1036.0,1020.0,3199.0,1036.0,
2026-05-19T20:16:47.958578,single_config,1.0,p128_o512,128,512,512,1,,,,,,,,,,,78.51052697515115,80.38661442081938,41158.109629002865,512,,12.439832747789982,,852.078,,,,,21.039,1.66421484375,,True,Phi-3-mini-Q4,phase_switch_e2e,1020.0,204.0,1036.0,1020.0,204.0,1036.0,
2026-05-19T20:17:36.105502,single_config,1.0,p128_o512,128,512,512,2,,,,,,,,,,,79.09032900352031,80.31452008021391,41121.803493995685,512,,12.450815783766844,,851.603,,,,,21.027,1.663287109375,,True,Phi-3-mini-Q4,phase_switch_e2e,1020.0,204.0,1036.0,1020.0,204.0,1036.0,
2026-05-19T20:18:23.076239,single_config,1.0,p128_o1024,128,1024,1024,0,,,,,,,,,,,77.41452497430146,80.38219032324662,39946.455884957686,496,,12.41662092448043,,822.65,,,,,21.094,1.6585685483870967,,False,Phi-3-mini-Q4,phase_switch_e2e,1020.0,204.0,1036.0,1020.0,204.0,1036.0,
2026-05-19T20:18:53.028469,single_config,1.0,p128_o1024,128,1024,1024,1,,,,,,,,,,,79.06535395886749,79.3392695750204,22932.251557009295,288,,12.558731936287876,,472.858,,,,,21.016,1.6418680555555556,,False,Phi-3-mini-Q4,phase_switch_e2e,1020.0,204.0,1036.0,1020.0,204.0,1036.0,
2026-05-19T20:20:23.571493,single_config,1.0,p128_o1024,128,1024,1024,2,,,,,,,,,,,79.35973501298577,81.54629374974209,83505.23640599567,1024,,12.262704041952473,,1723.67,,,,,21.149,1.683271484375,,True,Phi-3-mini-Q4,phase_switch_e2e,1020.0,204.0,1036.0,1020.0,204.0,1036.0,
2026-05-19T20:20:56.382746,single_config,1.0,p512_o1024,512,1024,1024,0,,,,,,,,,,,490.231144009158,69.9911599222105,25754.749745014124,361,,14.016831985326753,,669.82,,,,,26.267,1.8554570637119114,,False,Phi-3-mini-Q4,phase_switch_e2e,1300.0,665.0,1036.0,1300.0,665.0,1036.0,
2026-05-19T20:21:47.220246,single_config,1.0,p512_o1024,512,1024,1024,1,,,,,,,,,,,489.8808400030248,70.83969571385381,44129.86206298228,616,,13.958801845354577,,1136.828,,,,,26.438,1.8455,,False,Phi-3-mini-Q4,phase_switch_e2e,1300.0,665.0,1036.0,1300.0,665.0,1036.0,
2026-05-19T20:21:54.405572,single_config,1.0,p512_o1024,512,1024,1024,2,,,,,,,,,,,490.16534100519493,490.16534100519493,490.16534100519493,0,,0.0,,19.13,,,,,19.13,0.0,,False,Phi-3-mini-Q4,phase_switch_e2e,1300.0,665.0,1036.0,1300.0,665.0,1036.0,
2026-05-19T20:22:05.396841,baseline,-1.0,p128_o64,128,64,64,0,,,,,,,,,,,67.88046401925385,67.28455272968858,4306.99553800514,64,,14.85954639034586,,115.778,,,,,25.728,1.80903125,,True,Phi-3-mini-Q4,phase_switch_e2e,1300.0,3199.0,1497.0,1300.0,3199.0,1497.0,MAXN
2026-05-19T20:22:16.375244,baseline,-1.0,p128_o64,128,64,64,1,,,,,,,,,,,67.29221600107849,67.28951949145763,4306.717667961493,64,,14.860505130417161,,115.62,,,,,25.693,1.8065625,,True,Phi-3-mini-Q4,phase_switch_e2e,1300.0,3199.0,1497.0,1300.0,3199.0,1497.0,MAXN
2026-05-19T20:22:27.354139,baseline,-1.0,p128_o64,128,64,64,2,,,,,,,,,,,67.19592696754262,67.28422973075853,4306.295101006981,64,,14.861963358023068,,115.588,,,,,25.686,1.8060625,,True,Phi-3-mini-Q4,phase_switch_e2e,1300.0,3199.0,1497.0,1300.0,3199.0,1497.0,MAXN
2026-05-19T20:22:43.693203,baseline,-1.0,p512_o128,512,128,128,0,,,,,,,,,,,488.39986097300425,72.24994763781456,9664.499940001406,128,,13.244347953297352,,248.938,,,,,26.204,1.944828125,,True,Phi-3-mini-Q4,phase_switch_e2e,1300.0,3199.0,1497.0,1300.0,3199.0,1497.0,MAXN
2026-05-19T20:23:00.038933,baseline,-1.0,p512_o128,512,128,128,1,,,,,,,,,,,486.097251996398,72.24824323637895,9661.986631981563,128,,13.247793117029873,,248.858,,,,,26.196,1.944203125,,True,Phi-3-mini-Q4,phase_switch_e2e,1300.0,3199.0,1497.0,1300.0,3199.0,1497.0,MAXN
2026-05-19T20:23:16.385337,baseline,-1.0,p512_o128,512,128,128,2,,,,,,,,,,,486.334724992048,72.24612600008744,9661.954479990527,128,,13.247837201580927,,249.153,,,,,26.227,1.9465078125,,True,Phi-3-mini-Q4,phase_switch_e2e,1300.0,3199.0,1497.0,1300.0,3199.0,1497.0,MAXN
2026-05-19T20:23:33.066341,baseline,-1.0,p1024_o128,1024,128,128,0,,,,,,,,,,,1215.1571099529974,69.14972600813104,9997.540177952033,128,,12.803149346904693,,264.86,,,,,26.486,2.06921875,,True,Phi-3-mini-Q4,phase_switch_e2e,1300.0,3199.0,1497.0,1300.0,3199.0,1497.0,MAXN
2026-05-19T20:23:49.742940,baseline,-1.0,p1024_o128,1024,128,128,1,,,,,,,,,,,1216.447868035175,69.11013053508299,9993.799622985534,128,,12.807941406549979,,265.062,,,,,26.506,2.070796875,,True,Phi-3-mini-Q4,phase_switch_e2e,1300.0,3199.0,1497.0,1300.0,3199.0,1497.0,MAXN
2026-05-19T20:24:06.420679,baseline,-1.0,p1024_o128,1024,128,128,2,,,,,,,,,,,1215.0629680254497,69.1375889917139,9995.902650989592,128,,12.805246756512583,,264.566,,,,,26.457,2.066921875,,True,Phi-3-mini-Q4,phase_switch_e2e,1300.0,3199.0,1497.0,1300.0,3199.0,1497.0,MAXN
2026-05-19T20:24:30.736163,baseline,-1.0,p128_o256,128,256,256,0,,,,,,,,,,,67.36546702450141,68.87670369412494,17631.617855047807,256,,14.519370945117723,,464.345,,,,,26.534,1.81384765625,,True,Phi-3-mini-Q4,phase_switch_e2e,1300.0,3199.0,1497.0,1300.0,3199.0,1497.0,MAXN
2026-05-19T20:24:55.071938,baseline,-1.0,p128_o256,128,256,256,1,,,,,,,,,,,66.9900139910169,68.95333313720995,17650.79503902234,256,,14.503595981599453,,463.98,,,,,26.513,1.812421875,,True,Phi-3-mini-Q4,phase_switch_e2e,1300.0,3199.0,1497.0,1300.0,3199.0,1497.0,MAXN
2026-05-19T20:25:19.406935,baseline,-1.0,p128_o256,128,256,256,2,,,,,,,,,,,67.33144295867532,68.94873635701872,17649.94057599688,256,,14.504298124841759,,462.379,,,,,26.422,1.80616796875,,True,Phi-3-mini-Q4,phase_switch_e2e,1300.0,3199.0,1497.0,1300.0,3199.0,1497.0,MAXN
2026-05-19T20:26:03.687168,baseline,-1.0,p1024_o512,1024,512,512,0,,,,,,,,,,,1214.4695200258866,71.1826108962866,37590.18609201303,512,,13.620576358593425,,992.862,,,,,26.834,1.93918359375,,True,Phi-3-mini-Q4,phase_switch_e2e,1300.0,3199.0,1497.0,1300.0,3199.0,1497.0,MAXN
2026-05-19T20:26:26.934147,baseline,-1.0,p1024_o512,1024,512,512,1,,,,,,,,,,,1214.6735439891927,70.0764030871225,16562.766171991825,219,,13.222429014927235,,439.321,,,,,26.626,2.0060319634703196,,False,Phi-3-mini-Q4,phase_switch_e2e,1300.0,3199.0,1497.0,1300.0,3199.0,1497.0,MAXN
2026-05-19T20:26:34.830483,baseline,-1.0,p1024_o512,1024,512,512,2,,,,,,,,,,,1214.5777360419743,1214.5777360419743,1214.5777360419743,0,,0.0,,34.424,,,,,22.949,0.0,,False,Phi-3-mini-Q4,phase_switch_e2e,1300.0,3199.0,1497.0,1300.0,3199.0,1497.0,MAXN
2026-05-19T20:27:17.326792,baseline,-1.0,p128_o512,128,512,512,0,,,,,,,,,,,67.4733430496417,69.94571710172166,35811.12003402086,512,,14.297235035195653,,928.654,,,,,26.533,1.81377734375,,True,Phi-3-mini-Q4,phase_switch_e2e,1300.0,3199.0,1497.0,1300.0,3199.0,1497.0,MAXN
2026-05-19T20:27:59.862001,baseline,-1.0,p128_o512,128,512,512,1,,,,,,,,,,,68.69964901125059,70.00593383171834,35843.090626003686,512,,14.284482477874015,,925.462,,,,,26.442,1.80754296875,,True,Phi-3-mini-Q4,phase_switch_e2e,1300.0,3199.0,1497.0,1300.0,3199.0,1497.0,MAXN
2026-05-19T20:28:42.394067,baseline,-1.0,p128_o512,128,512,512,2,,,,,,,,,,,67.1826180187054,70.00385042074467,35840.54708300391,512,,14.285496223432302,,925.016,,,,,26.429,1.806671875,,True,Phi-3-mini-Q4,phase_switch_e2e,1300.0,3199.0,1497.0,1300.0,3199.0,1497.0,MAXN
2026-05-19T20:29:33.239139,baseline,-1.0,p128_o1024,128,1024,1024,0,,,,,,,,,,,67.24910699995235,69.64113289713963,44150.44028899865,633,,14.337342863548523,,1154.024,,,,,26.529,1.8231026856240125,,False,Phi-3-mini-Q4,phase_switch_e2e,1300.0,3199.0,1497.0,1300.0,3199.0,1497.0,MAXN
2026-05-19T20:30:52.639363,baseline,-1.0,p128_o1024,128,1024,1024,1,,,,,,,,,,,67.12299201171845,70.99628151706916,72699.15553397732,1024,,14.085445593950734,,1887.355,,,,,26.582,1.8431201171875,,True,Phi-3-mini-Q4,phase_switch_e2e,1300.0,3199.0,1497.0,1300.0,3199.0,1497.0,MAXN
2026-05-19T20:31:36.125990,baseline,-1.0,p128_o1024,128,1024,1024,2,,,,,,,,,,,68.60810599755496,69.95294416220663,36792.17162996065,525,,14.269339828054111,,940.431,,,,,26.491,1.791297142857143,,False,Phi-3-mini-Q4,phase_switch_e2e,1300.0,3199.0,1497.0,1300.0,3199.0,1497.0,MAXN
2026-05-19T20:32:20.545572,baseline,-1.0,p512_o1024,512,1024,1024,0,,,,,,,,,,,491.6560020064935,70.12155335473406,37727.37465199316,531,,14.074660770808418,,884.247,,,,,26.795,1.6652485875706213,,False,Phi-3-mini-Q4,phase_switch_e2e,1300.0,3199.0,1497.0,1300.0,3199.0,1497.0,MAXN
2026-05-19T20:33:25.222705,baseline,-1.0,p512_o1024,512,1024,1024,1,,,,,,,,,,,490.3756499988958,69.9116492249462,32581.404567987192,459,,14.087790446302298,,9.936,,,,,19.873,0.02164705882352941,,False,Phi-3-mini-Q4,phase_switch_e2e,1300.0,3199.0,1497.0,1300.0,3199.0,1497.0,MAXN
2026-05-19T20:34:04.215061,baseline,-1.0,p512_o1024,512,1024,1024,2,,,,,,,,,,,489.84887602273375,69.90079119153287,32296.103217988275,455,,14.088386977490654,,839.898,,,,,26.663,1.8459296703296704,,False,Phi-3-mini-Q4,phase_switch_e2e,1300.0,3199.0,1497.0,1300.0,3199.0,1497.0,MAXN
2026-05-19T20:34:18.273781,baseline,-1.0,p128_o64,128,64,64,0,,,,,,,,,,,115.37647299701348,114.97667965124405,7359.101431036834,64,,8.696713939840745,,117.46,,,,,15.661,1.8353125,,True,Phi-3-mini-Q4,phase_switch_e2e,612.0,2133.0,1497.0,612.0,2133.0,1497.0,30W_mode
2026-05-19T20:34:33.831986,baseline,-1.0,p128_o64,128,64,64,1,,,,,,,,,,,114.79507497278973,114.9802680472873,7358.741237956565,64,,8.697139623538664,,117.054,,,,,15.607,1.82896875,,True,Phi-3-mini-Q4,phase_switch_e2e,612.0,2133.0,1497.0,612.0,2133.0,1497.0,30W_mode
2026-05-19T20:34:49.391442,baseline,-1.0,p128_o64,128,64,64,2,,,,,,,,,,,114.69651496736333,115.00061704825225,7359.925624972675,64,,8.695740046997773,,116.954,,,,,15.594,1.82740625,,True,Phi-3-mini-Q4,phase_switch_e2e,612.0,2133.0,1497.0,612.0,2133.0,1497.0,30W_mode
2026-05-19T20:35:14.561046,baseline,-1.0,p512_o128,512,128,128,0,,,,,,,,,,,1011.8414260214195,125.64079317321091,16968.58234400861,128,,7.5433526151461425,,262.822,,,,,15.46,2.053296875,,True,Phi-3-mini-Q4,phase_switch_e2e,612.0,2133.0,1497.0,612.0,2133.0,1497.0,30W_mode
2026-05-19T20:35:39.722737,baseline,-1.0,p512_o128,512,128,128,1,,,,,,,,,,,1272.2088599693961,161.55196808292962,16943.107580998912,98,,5.784062901772724,,263.826,,,,,15.519,2.6921020408163265,,False,Phi-3-mini-Q4,phase_switch_e2e,612.0,2133.0,1497.0,612.0,2133.0,1497.0,30W_mode
2026-05-19T20:36:04.886209,baseline,-1.0,p512_o128,512,128,128,2,,,,,,,,,,,1015.4157429933548,125.46787207843516,16950.19494596636,128,,7.5515355668791395,,263.466,,,,,15.498,2.058328125,,True,Phi-3-mini-Q4,phase_switch_e2e,612.0,2133.0,1497.0,612.0,2133.0,1497.0,30W_mode
2026-05-19T20:36:30.556856,baseline,-1.0,p1024_o128,1024,128,128,0,,,,,,,,,,,2493.205079983454,117.76183100782086,17449.331690964755,128,,7.335524492681761,,272.752,,,,,15.586,2.130875,,True,Phi-3-mini-Q4,phase_switch_e2e,612.0,2133.0,1497.0,612.0,2133.0,1497.0,30W_mode
2026-05-19T20:36:56.247719,baseline,-1.0,p1024_o128,1024,128,128,1,,,,,,,,,,,2493.2494499953464,117.96716890548994,17475.45602201717,128,,7.3245585030075295,,273.772,,,,,15.644,2.13884375,,True,Phi-3-mini-Q4,phase_switch_e2e,612.0,2133.0,1497.0,612.0,2133.0,1497.0,30W_mode
2026-05-19T20:37:21.971949,baseline,-1.0,p1024_o128,1024,128,128,2,,,,,,,,,,,2492.699372000061,118.23139289773516,17508.452764013782,128,,7.310754509563884,,272.514,,,,,15.572,2.129015625,,True,Phi-3-mini-Q4,phase_switch_e2e,612.0,2133.0,1497.0,612.0,2133.0,1497.0,30W_mode
2026-05-19T20:38:00.534739,baseline,-1.0,p128_o256,128,256,256,0,,,,,,,,,,,117.89137998130172,118.52443825896354,30342.31069101952,256,,8.437063432870618,,471.622,,,,,15.721,1.8422734375,,True,Phi-3-mini-Q4,phase_switch_e2e,612.0,2133.0,1497.0,612.0,2133.0,1497.0,30W_mode
2026-05-19T20:38:39.094312,baseline,-1.0,p128_o256,128,256,256,1,,,,,,,,,,,118.42851398978382,118.50421800387694,30337.69742300501,256,,8.43834640548151,,471.16,,,,,15.705,1.84046875,,True,Phi-3-mini-Q4,phase_switch_e2e,612.0,2133.0,1497.0,612.0,2133.0,1497.0,30W_mode
2026-05-19T20:39:17.630769,baseline,-1.0,p128_o256,128,256,256,2,,,,,,,,,,,118.79457702161744,118.4231894430887,30317.402645014226,256,,8.443995120475792,,471.14,,,,,15.705,1.840390625,,True,Phi-3-mini-Q4,phase_switch_e2e,612.0,2133.0,1497.0,612.0,2133.0,1497.0,30W_mode
2026-05-19T20:40:28.888619,baseline,-1.0,p1024_o512,1024,512,512,0,,,,,,,,,,,2492.81822697958,120.82931810605805,63031.884430965874,501,,7.948358271736393,,979.836,,,,,15.932,1.9557604790419163,,True,Phi-3-mini-Q4,phase_switch_e2e,612.0,2133.0,1497.0,612.0,2133.0,1497.0,30W_mode
2026-05-19T20:40:39.593480,baseline,-1.0,p1024_o512,1024,512,512,1,,,,,,,,,,,2491.624269983731,2491.624269983731,2491.624269983731,0,,0.0,,34.284,,,,,13.714,0.0,,False,Phi-3-mini-Q4,phase_switch_e2e,612.0,2133.0,1497.0,612.0,2133.0,1497.0,30W_mode
2026-05-19T20:40:50.294931,baseline,-1.0,p1024_o512,1024,512,512,2,,,,,,,,,,,2492.0234630117193,2492.0234630117193,2492.0234630117193,0,,0.0,,34.439,,,,,13.776,0.0,,False,Phi-3-mini-Q4,phase_switch_e2e,612.0,2133.0,1497.0,612.0,2133.0,1497.0,30W_mode
2026-05-19T20:42:00.366470,baseline,-1.0,p128_o512,128,512,512,0,,,,,,,,,,,115.21744501078501,120.80579648138827,61848.3635779703,512,,8.278311185299795,,950.318,,,,,15.708,1.85608984375,,True,Phi-3-mini-Q4,phase_switch_e2e,612.0,2133.0,1497.0,612.0,2133.0,1497.0,30W_mode
2026-05-19T20:43:10.297258,baseline,-1.0,p128_o512,128,512,512,1,,,,,,,,,,,115.26486597722396,120.52457046969803,61704.73023899831,512,,8.297581044709087,,953.957,,,,,15.768,1.863197265625,,True,Phi-3-mini-Q4,phase_switch_e2e,612.0,2133.0,1497.0,612.0,2133.0,1497.0,30W_mode
2026-05-19T20:44:20.275694,baseline,-1.0,p128_o512,128,512,512,2,,,,,,,,,,,118.28428402077407,120.61724863211039,61755.09463704657,512,,8.29081394837429,,953.43,,,,,15.759,1.86216796875,,True,Phi-3-mini-Q4,phase_switch_e2e,612.0,2133.0,1497.0,612.0,2133.0,1497.0,30W_mode
2026-05-19T20:45:54.194739,baseline,-1.0,p128_o1024,128,1024,1024,0,,,,,,,,,,,114.99209195608273,119.67884008966696,85687.82247498166,715,,8.344242849779024,,1316.26,,,,,15.764,1.8409230769230769,,False,Phi-3-mini-Q4,phase_switch_e2e,612.0,2133.0,1497.0,612.0,2133.0,1497.0,30W_mode
2026-05-19T20:47:18.059516,baseline,-1.0,p128_o1024,128,1024,1024,1,,,,,,,,,,,115.13958900468424,119.87787011132794,75636.64247398265,630,,8.329296216667817,,1166.57,,,,,15.764,1.8516984126984126,,False,Phi-3-mini-Q4,phase_switch_e2e,612.0,2133.0,1497.0,612.0,2133.0,1497.0,30W_mode
2026-05-19T20:49:30.012466,baseline,-1.0,p128_o1024,128,1024,1024,2,,,,,,,,,,,115.0197780225426,120.81331672726832,123709.82246700441,1024,,8.277434884146881,,1904.994,,,,,15.809,1.860345703125,,True,Phi-3-mini-Q4,phase_switch_e2e,612.0,2133.0,1497.0,612.0,2133.0,1497.0,30W_mode
2026-05-19T20:50:21.819041,baseline,-1.0,p512_o1024,512,1024,1024,0,,,,,,,,,,,1017.0395079767331,120.94126758132491,43582.96505297767,352,,8.076550082632588,,674.278,,,,,15.681,1.9155625,,False,Phi-3-mini-Q4,phase_switch_e2e,612.0,2133.0,1497.0,612.0,2133.0,1497.0,30W_mode
2026-05-19T20:51:06.140073,baseline,-1.0,p512_o1024,512,1024,1024,1,,,,,,,,,,,1016.9081299682148,121.8289471394058,36100.34316498786,288,,7.977763498916502,,557.139,,,,,15.694,1.9345104166666667,,False,Phi-3-mini-Q4,phase_switch_e2e,612.0,2133.0,1497.0,612.0,2133.0,1497.0,30W_mode
2026-05-19T20:51:55.182293,baseline,-1.0,p512_o1024,512,1024,1024,2,,,,,,,,,,,1016.5534789557569,121.37834666975395,40822.52377399709,328,,8.034780059554468,,629.388,,,,,15.735,1.9188658536585368,,False,Phi-3-mini-Q4,phase_switch_e2e,612.0,2133.0,1497.0,612.0,2133.0,1497.0,30W_mode
2026-05-19T20:52:09.200014,baseline,-1.0,p128_o64,128,64,64,0,,,,,,,,,,,93.39644201099873,90.34512141194668,5785.405736009125,64,,11.062318343838117,,105.957,,,,,17.66,1.655578125,,True,Phi-3-mini-Q4,phase_switch_e2e,816.0,204.0,1036.0,816.0,204.0,1036.0,E_min
2026-05-19T20:52:22.426552,baseline,-1.0,p128_o64,128,64,64,1,,,,,,,,,,,91.85931901447475,90.79383203153691,5812.158564978745,64,,11.011399514396086,,105.67,,,,,17.612,1.65109375,,True,Phi-3-mini-Q4,phase_switch_e2e,816.0,204.0,1036.0,816.0,204.0,1036.0,E_min
2026-05-19T20:52:35.666193,baseline,-1.0,p128_o64,128,64,64,2,,,,,,,,,,,92.05335099250078,90.48239903114293,5792.717181961052,64,,11.048355717986839,,105.915,,,,,17.652,1.654921875,,True,Phi-3-mini-Q4,phase_switch_e2e,816.0,204.0,1036.0,816.0,204.0,1036.0,E_min
2026-05-19T20:52:56.283831,baseline,-1.0,p512_o128,512,128,128,0,,,,,,,,,,,756.2437900342047,97.96709918891864,13198.567637999076,128,,9.69802205138413,,231.433,,,,,17.803,1.8080703125,,True,Phi-3-mini-Q4,phase_switch_e2e,816.0,204.0,1036.0,816.0,204.0,1036.0,E_min
2026-05-19T20:53:16.958275,baseline,-1.0,p512_o128,512,128,128,1,,,,,,,,,,,756.4171320409514,97.96127109416196,13197.998509043828,128,,9.69844025306481,,231.199,,,,,17.785,1.8062421875,,True,Phi-3-mini-Q4,phase_switch_e2e,816.0,204.0,1036.0,816.0,204.0,1036.0,E_min
2026-05-19T20:53:37.635498,baseline,-1.0,p512_o128,512,128,128,2,,,,,,,,,,,864.4565020222217,97.92840538873514,13203.952520038001,127,,9.61833207195102,,231.29,,,,,17.792,1.8211811023622047,,True,Phi-3-mini-Q4,phase_switch_e2e,816.0,204.0,1036.0,816.0,204.0,1036.0,E_min
2026-05-19T20:53:46.969190,baseline,-1.0,p1024_o128,1024,128,128,0,,,,,,,,,,,1864.1070020385087,1864.1070020385087,1864.1070020385087,0,,0.0,,30.93,,,,,15.465,0.0,,False,Phi-3-mini-Q4,phase_switch_e2e,816.0,204.0,1036.0,816.0,204.0,1036.0,E_min
2026-05-19T20:54:08.091755,baseline,-1.0,p1024_o128,1024,128,128,1,,,,,,,,,,,1865.1819719816558,92.81896618121546,13653.706560027786,128,,9.374743732572169,,242.932,,,,,17.995,1.89790625,,True,Phi-3-mini-Q4,phase_switch_e2e,816.0,204.0,1036.0,816.0,204.0,1036.0,E_min
2026-05-19T20:54:29.202476,baseline,-1.0,p1024_o128,1024,128,128,2,,,,,,,,,,,1868.1607029866427,92.83608742522105,13658.861801028252,128,,9.371205438974721,,243.107,,,,,18.008,1.8992734375,,True,Phi-3-mini-Q4,phase_switch_e2e,816.0,204.0,1036.0,816.0,204.0,1036.0,E_min
2026-05-19T20:55:00.387833,baseline,-1.0,p128_o256,128,256,256,0,,,,,,,,,,,91.74585598520935,92.58007298031931,23700.62961196527,256,,10.801400814717526,,423.671,,,,,18.029,1.65496484375,,True,Phi-3-mini-Q4,phase_switch_e2e,816.0,204.0,1036.0,816.0,204.0,1036.0,E_min
2026-05-19T20:55:31.892762,baseline,-1.0,p128_o256,128,256,256,1,,,,,,,,,,,93.71033200295642,93.8570155017991,24028.277915960643,256,,10.654113494748348,,422.898,,,,,17.996,1.6519453125,,True,Phi-3-mini-Q4,phase_switch_e2e,816.0,204.0,1036.0,816.0,204.0,1036.0,E_min
2026-05-19T20:56:03.388318,baseline,-1.0,p128_o256,128,256,256,2,,,,,,,,,,,92.0456069870852,93.83730501959137,24021.57050697133,256,,10.657088383363858,,423.275,,,,,18.012,1.65341796875,,True,Phi-3-mini-Q4,phase_switch_e2e,816.0,204.0,1036.0,816.0,204.0,1036.0,E_min
2026-05-19T20:57:01.324197,baseline,-1.0,p1024_o512,1024,512,512,0,,,,,,,,,,,1864.2861890257336,95.07582141685621,50450.05507901078,512,,10.148650961790768,,906.255,,,,,18.308,1.770029296875,,True,Phi-3-mini-Q4,phase_switch_e2e,816.0,204.0,1036.0,816.0,204.0,1036.0,E_min
2026-05-19T20:57:59.141178,baseline,-1.0,p1024_o512,1024,512,512,1,,,,,,,,,,,1864.8379700025544,95.07822545969398,50358.92795899417,510,,10.127300573500658,,900.192,,,,,18.371,1.7650823529411765,,True,Phi-3-mini-Q4,phase_switch_e2e,816.0,204.0,1036.0,816.0,204.0,1036.0,E_min
2026-05-19T20:58:57.036700,baseline,-1.0,p1024_o512,1024,512,512,2,,,,,,,,,,,1863.9934730017558,95.07252532091637,50448.06353299646,512,,10.149051601655973,,908.694,,,,,18.357,1.77479296875,,True,Phi-3-mini-Q4,phase_switch_e2e,816.0,204.0,1036.0,816.0,204.0,1036.0,E_min
2026-05-19T20:59:52.963430,baseline,-1.0,p128_o512,128,512,512,0,,,,,,,,,,,93.81564101204276,94.73318568295973,48504.423342004884,512,,10.55573831668683,,861.078,,,,,18.128,1.68179296875,,True,Phi-3-mini-Q4,phase_switch_e2e,816.0,204.0,1036.0,816.0,204.0,1036.0,E_min
2026-05-19T21:00:48.958132,baseline,-1.0,p128_o512,128,512,512,1,,,,,,,,,,,91.75768197746947,94.82370199416464,48548.63461002242,512,,10.546125634896894,,859.497,,,,,18.095,1.678705078125,,True,Phi-3-mini-Q4,phase_switch_e2e,816.0,204.0,1036.0,816.0,204.0,1036.0,E_min
2026-05-19T21:01:36.705733,baseline,-1.0,p128_o512,128,512,512,2,,,,,,,,,,,91.78440901450813,94.8531572694888,40314.62530698627,424,,10.51727497828247,,714.427,,,,,18.087,1.6849693396226415,,False,Phi-3-mini-Q4,phase_switch_e2e,816.0,204.0,1036.0,816.0,204.0,1036.0,E_min
2026-05-19T21:02:20.154788,baseline,-1.0,p128_o1024,128,1024,1024,0,,,,,,,,,,,92.08110196050256,95.14786602673492,35965.49257397419,377,,10.482269893136667,,639.905,,,,,18.025,1.6973607427055701,,False,Phi-3-mini-Q4,phase_switch_e2e,816.0,204.0,1036.0,816.0,204.0,1036.0,E_min
2026-05-19T21:03:02.732834,baseline,-1.0,p128_o1024,128,1024,1024,1,,,,,,,,,,,93.65732601145282,95.10691735968983,35095.949538983405,368,,10.485540492108298,,621.852,,,,,18.025,1.6898152173913044,,False,Phi-3-mini-Q4,phase_switch_e2e,816.0,204.0,1036.0,816.0,204.0,1036.0,E_min
2026-05-19T21:04:02.444343,baseline,-1.0,p128_o1024,128,1024,1024,2,,,,,,,,,,,93.60599203500897,95.30674367036497,52225.345295039006,547,,10.47384171248286,,922.065,,,,,18.08,1.6856764168190128,,False,Phi-3-mini-Q4,phase_switch_e2e,816.0,204.0,1036.0,816.0,204.0,1036.0,E_min
2026-05-19T21:05:29.170366,baseline,-1.0,p512_o1024,512,1024,1024,0,,,,,,,,,,,758.1361359916627,96.10341452207649,79278.44748599455,817,,10.305449033223468,,1405.988,,,,,18.142,1.7209155446756426,,False,Phi-3-mini-Q4,phase_switch_e2e,816.0,204.0,1036.0,816.0,204.0,1036.0,E_min
2026-05-19T21:06:15.945369,baseline,-1.0,p512_o1024,512,1024,1024,1,,,,,,,,,,,761.466181022115,94.80028366741696,39342.72542002145,407,,10.34498743172679,,696.624,,,,,18.094,1.7116068796068797,,False,Phi-3-mini-Q4,phase_switch_e2e,816.0,204.0,1036.0,816.0,204.0,1036.0,E_min
2026-05-19T21:07:29.203751,baseline,-1.0,p512_o1024,512,1024,1024,2,,,,,,,,,,,755.519651051145,95.39790066518437,65817.3873850028,682,,10.362003523637297,,1159.725,,,,,18.121,1.7004765395894428,,False,Phi-3-mini-Q4,phase_switch_e2e,816.0,204.0,1036.0,816.0,204.0,1036.0,E_min
2026-05-19T21:07:44.314121,weak_baseline,-1.0,p128_o128,128,128,128,0,,,,,,,,,,,68.30824998905882,67.28711224428751,8614.280894980766,128,,14.859046455587608,,223.097,,,,,26.247,1.7429453125,,True,Phi-3-mini-Q4,phase_switch_e2e,,,,1300.0,204.0,1036.0,dynamic_governor
2026-05-19T21:07:59.405287,weak_baseline,-1.0,p128_o128,128,128,128,1,,,,,,,,,,,68.84189898846671,67.286098417166,8614.679004007485,128,,14.8583597764299,,222.894,,,,,26.223,1.741359375,,True,Phi-3-mini-Q4,phase_switch_e2e,,,,1300.0,204.0,1036.0,dynamic_governor
2026-05-19T21:08:14.494025,weak_baseline,-1.0,p128_o128,128,128,128,2,,,,,,,,,,,68.54888802627102,67.27485592920685,8612.95947805047,128,,14.861326159283475,,222.445,,,,,26.17,1.7378515625,,True,Phi-3-mini-Q4,phase_switch_e2e,,,,1300.0,204.0,1036.0,dynamic_governor
2026-05-19T21:08:40.732163,weak_baseline,-1.0,p128_o1024,128,1024,1024,0,,,,,,,,,,,70.4402819974348,69.26626844521671,19744.986927020364,284,,14.383397722657156,,511.355,,,,,26.223,1.8005457746478875,,False,Phi-3-mini-Q4,phase_switch_e2e,,,,1300.0,204.0,1036.0,dynamic_governor
2026-05-19T21:10:00.604274,weak_baseline,-1.0,p128_o1024,128,1024,1024,1,,,,,,,,,,,68.87326895957813,71.63572737341474,73356.2797709601,1024,,13.959268425242248,,1885.04,,,,,26.364,1.840859375,,True,Phi-3-mini-Q4,phase_switch_e2e,,,,1300.0,204.0,1036.0,dynamic_governor
2026-05-19T21:10:46.178349,weak_baseline,-1.0,p128_o1024,128,1024,1024,2,,,,,,,,,,,68.19007603917271,70.28214369670636,39074.68337804312,555,,14.203569984955172,,1002.727,,,,,26.388,1.8067153153153153,,False,Phi-3-mini-Q4,phase_switch_e2e,,,,1300.0,204.0,1036.0,dynamic_governor
2026-05-19T21:11:28.388062,weak_baseline,-1.0,p128_o128,128,128,128,0,,,,,,,,,,,239.98422402655706,234.83790373191326,30064.90867998218,128,,4.2574551402254865,,361.502,,,,,12.254,2.824234375,,True,Phi-3-mini-Q4,phase_switch_e2e,,,,306.0,204.0,1036.0,min_freq
2026-05-19T21:12:10.482548,weak_baseline,-1.0,p128_o128,128,128,128,1,,,,,,,,,,,234.24023698316887,234.78897681870447,30052.94322798727,128,,4.259150227948323,,360.902,,,,,12.234,2.819546875,,True,Phi-3-mini-Q4,phase_switch_e2e,,,,306.0,204.0,1036.0,min_freq
2026-05-19T21:12:52.598047,weak_baseline,-1.0,p128_o128,128,128,128,2,,,,,,,,,,,235.7923320378177,234.92831476381062,30072.229865007102,128,,4.256418648520123,,361.142,,,,,12.242,2.821421875,,True,Phi-3-mini-Q4,phase_switch_e2e,,,,306.0,204.0,1036.0,min_freq
2026-05-19T21:15:15.628003,weak_baseline,-1.0,p128_o1024,128,1024,1024,0,,,,,,,,,,,236.57057801028714,248.06003524331348,130957.65782799572,527,,4.02420147657329,,1554.072,,,,,12.189,2.9489032258064514,,False,Phi-3-mini-Q4,phase_switch_e2e,,,,306.0,204.0,1036.0,min_freq
2026-05-19T21:18:22.374625,weak_baseline,-1.0,p128_o1024,128,1024,1024,1,,,,,,,,,,,235.53853097837418,246.69089787116962,174646.77176397527,707,,4.048171018903622,,2069.727,,,,,12.175,2.9274780763790664,,False,Phi-3-mini-Q4,phase_switch_e2e,,,,306.0,204.0,1036.0,min_freq
2026-05-19T21:20:15.561436,weak_baseline,-1.0,p128_o1024,128,1024,1024,2,,,,,,,,,,,235.70434103021398,249.04319587625255,101108.32679801388,405,,4.005604808485028,,1195.686,,,,,12.139,2.952311111111111,,False,Phi-3-mini-Q4,phase_switch_e2e,,,,306.0,204.0,1036.0,min_freq
2026-05-19T21:20:31.721772,weak_baseline,-1.0,p128_o128,128,128,128,0,,,,,,,,,,,72.33270304277539,72.6628893382268,9300.892514002044,128,,13.762120119902708,,213.994,,,,,22.526,1.671828125,,True,Phi-3-mini-Q4,phase_switch_e2e,,,,1122.0,204.0,1497.0,random_config
2026-05-19T21:20:47.233610,weak_baseline,-1.0,p128_o128,128,128,128,1,,,,,,,,,,,68.49093799246475,68.44979511045916,8762.00109301135,128,,14.608535041395275,,221.011,,,,,24.557,1.7266484375,,True,Phi-3-mini-Q4,phase_switch_e2e,,,,1224.0,2133.0,1497.0,random_config
2026-05-19T21:21:19.215045,weak_baseline,-1.0,p128_o128,128,128,128,2,,,,,,,,,,,172.272393014282,171.52973576348026,21956.903106998652,128,,5.82960171460613,,289.062,,,,,13.445,2.258296875,,True,Phi-3-mini-Q4,phase_switch_e2e,,,,408.0,3199.0,1497.0,random_config
2026-05-19T21:22:44.978530,weak_baseline,-1.0,p128_o1024,128,1024,1024,0,,,,,,,,,,,104.31558004347607,106.02149672299308,77927.45782103157,734,,9.419016358594767,,1265.852,,,,,16.656,1.7245940054495914,,False,Phi-3-mini-Q4,phase_switch_e2e,,,,714.0,204.0,1036.0,random_config
2026-05-19T21:23:53.761544,weak_baseline,-1.0,p128_o1024,128,1024,1024,1,,,,,,,,,,,88.75901199644431,94.10716917231464,61352.66294097528,651,,10.610786374933696,,1112.094,,,,,18.535,1.7082857142857144,,False,Phi-3-mini-Q4,phase_switch_e2e,,,,816.0,204.0,1497.0,random_config
2026-05-19T21:26:31.281419,weak_baseline,-1.0,p128_o1024,128,1024,1024,2,,,,,,,,,,,171.92883498501033,178.9743369805639,147471.54922102345,823,,5.580737466631792,,1941.082,,,,,13.48,2.3585443499392467,,False,Phi-3-mini-Q4,phase_switch_e2e,,,,408.0,204.0,1497.0,random_config
