strategy,workload_name,prompt_len,output_len,batch_size,repeat,ttft_ms,tpot_ms,total_time_ms,total_energy_j,avg_power_w,max_power_w,temperature_c,tokens_per_second,slo_met,slo_violations,switch_overhead_ms,switch_energy_j
default,short_short,128,64,1,0,37.39027633102154,7.528015892948813,508.0649424261907,10.19757285930741,20.071396405763355,42.15251249292882,43.76318624219337,125.96814827328421,False,max_power_w,,
default,short_short,128,64,1,1,31.188491851953685,7.90815048402535,525.416747099401,7.4607057086421635,14.199596320120166,28.144779088942606,41.78663954108355,121.80807017156641,True,,,
default,short_short,128,64,1,2,37.903503364407264,7.7001633556488205,519.7841690388103,10.604751253696563,20.402220547245534,38.31419766346112,53.5242399333727,123.12802853990223,True,,,
default,short_short,128,64,1,3,35.83768756752908,7.855453138898926,526.9570237760231,10.882881070499645,20.65231238880931,33.50300533726692,49.6201014982726,121.45202950592503,True,,,
default,short_short,128,64,1,4,34.672602481855904,8.135502254810362,543.4498223840131,9.9640785719406,18.334863977377054,33.192337564732426,45.68583093241534,117.76616232800282,True,,,
default,short_short,128,64,1,5,37.33768604554774,7.857822454200509,528.2971928398919,10.855155961019147,20.54744206128871,45.66409005085835,53.60879465537518,121.14393350448131,False,max_power_w,,
default,short_short,128,64,1,6,31.881091945059833,7.887442149820403,525.412851721906,10.679764080889807,20.326423394269128,37.60203800923502,50.008479158853255,121.8089732488583,True,,,
default,short_short,128,64,1,7,32.421695262828244,8.04616539137084,535.7846097557722,10.093537950612115,18.838797843060618,31.279917604470725,48.571330447349446,119.45098615126936,True,,,
default,short_short,128,64,1,8,35.140264718532286,7.814723464802789,523.389106631142,10.274665390562134,19.6310264397673,34.22837080717234,42.78747646614056,122.27996186612256,True,,,
default,short_short,128,64,1,9,36.39400132385819,7.730363122550702,519.4812873875359,9.969368028022211,19.1910050853959,32.015726479848915,50.169289119739446,123.19981788344121,True,,,
default,short_long,128,256,1,0,36.12219759629458,7.906882520576985,2048.2894895248564,40.95169338030085,19.99311796000108,35.63743943182618,52.52684713672399,124.98233345882402,True,,,
default,short_long,128,256,1,1,40.61793378045569,7.978809816574346,2070.102436459086,43.79820969773958,21.15750840458721,32.97065856799048,50.56150845334946,123.66537785342085,True,,,
default,short_long,128,256,1,2,37.632609745417284,7.9341215998381935,2057.4777123099907,44.22425483297349,21.49440286442842,38.765941499431705,48.0733067090676,124.42419107061981,True,,,
default,short_long,128,256,1,3,38.50741169137684,8.01976180711595,2079.6893616198386,32.84131285555788,15.791451099205643,29.96482052842292,47.51264763779055,123.09530679168617,True,,,
default,short_long,128,256,1,4,34.1418536729291,7.887927244058534,2041.9917674163082,51.262841585514956,25.104333133711314,47.87315806599701,44.14459945879812,125.36779240981551,False,max_power_w,,
default,short_long,128,256,1,5,37.754868106381146,7.982764160449952,2069.3422040131977,51.81160145139128,25.03771553632356,37.600847996403644,50.16716261771017,123.71080989095185,True,,,
default,short_long,128,256,1,6,34.61865188793689,7.90283095772069,2045.8906228217513,50.3690855755754,24.61963753766313,41.67165709790879,56.629904716096476,125.12887890698546,False,max_power_w,,
default,short_long,128,256,1,7,33.54423678550501,7.764454144512108,2009.43070821459,33.56652151367639,16.704493156422778,32.58293519137126,47.63045556724091,127.399267341475,True,,,
default,short_long,128,256,1,8,38.54626501820954,7.967619124723986,2066.5837349040776,38.653833626947765,18.704218451976697,29.93579120315555,40.84533525568223,123.87593866932397,True,,,
default,short_long,128,256,1,9,35.240827110482414,8.003317038700736,2072.418076573729,47.91926080462497,23.122390866155992,38.57914748144118,45.1694670748412,123.52719892466759,True,,,
default,medium_medium,512,128,1,0,114.85731043168975,7.596656141536142,1076.0119529258889,25.574977697004282,23.768302598740537,39.26034917303379,52.44356041611845,118.95778634423412,True,,,
default,medium_medium,512,128,1,1,104.33329235721754,7.587414453124129,1064.2082142020784,18.715474791132763,17.586290484672915,30.00183899834047,46.86580625413059,120.27721482677316,True,,,
default,medium_medium,512,128,1,2,97.76438678551096,7.61285529783027,1060.8384190976487,17.281077353940507,16.290018388134758,28.175416036254855,49.52178238911391,120.65928014643083,True,,,
default,medium_medium,512,128,1,3,114.5352574323025,7.612546435055246,1077.310976141644,22.858401454328185,21.21801593091982,33.806513503114786,52.349266649864795,118.81434686428987,True,,,
default,medium_medium,512,128,1,4,110.9410448791766,7.571982393277738,1069.1429551270069,21.356534812274766,19.97537813803184,34.899378866698655,46.71723888170443,119.72206278513474,True,,,
default,medium_medium,512,128,1,5,103.26685073631899,7.581573801172831,1061.9906989817287,21.64245249854702,20.37913563583797,37.70645047094784,50.008659399318844,120.52836255791183,True,,,
default,medium_medium,512,128,1,6,115.8344755768743,7.4970562910590655,1064.6460878162138,24.286683802180406,22.811978628500754,33.9791510369484,49.349142392529195,120.22774653927644,True,,,
default,medium_medium,512,128,1,7,103.52746876989121,7.48924218760208,1050.3876628709415,19.75658708239631,18.808852941396125,34.552613330898794,52.81674217229541,121.8597709441367,True,,,
default,medium_medium,512,128,1,8,106.82312088592003,7.569780257057417,1065.126141238286,20.70364118883954,19.437736421312565,30.433147131525438,56.56537137650774,120.1735597731089,True,,,
default,medium_medium,512,128,1,9,121.76823991621782,7.450080550404557,1064.6127129112683,20.28368052298277,19.052637900138755,31.6515200997961,47.624643153742745,120.23151559967172,True,,,
default,long_medium,1024,128,1,0,207.70020766605734,7.299156090431971,1131.724099332313,24.373241820820198,21.53638138058539,41.084501972309816,58.5277545361609,113.10177107257553,False,max_power_w,,
default,long_medium,1024,128,1,1,220.60686989849125,7.21584023358347,1133.818569710536,22.31739746974081,19.683393856777673,37.896783091954475,49.882873425566004,112.89284142936417,True,,,
default,long_medium,1024,128,1,2,230.57347407630093,7.1449652386973055,1134.914693530073,22.259114906659804,19.61302909686047,34.923874441107,44.79072602361558,112.7838072145008,True,,,
default,long_medium,1024,128,1,3,218.63690101475788,7.183397481759813,1127.6761624514918,20.400760492583583,18.090974316805376,32.73661647687512,48.834060586206114,113.50776425187233,True,,,
default,long_medium,1024,128,1,4,257.65463523474773,7.155411896638594,1163.1788110438622,21.396436868395828,18.394795937861176,36.71042166319953,50.88138583588259,110.0432700326874,True,,,
default,long_medium,1024,128,1,5,209.7404457291805,7.168668957246345,1115.893435265927,20.22861395921358,18.12772915398765,31.4861580126258,49.133377297106364,114.70629358931258,True,,,
default,long_medium,1024,128,1,6,190.83387423353514,7.271453457495216,1109.953701945331,20.173135339664725,18.174753869741426,39.142764849292405,48.87488342538625,115.3201253130326,True,,,
default,long_medium,1024,128,1,7,241.40709844430486,7.275318611245193,1161.6634314130906,22.949269236702218,19.755523515779327,25.754382441091515,56.23357540081052,110.18682050126691,True,,,
default,long_medium,1024,128,1,8,195.83410604807452,7.1443256927759995,1099.6995064686157,13.886949523903448,12.62794921905311,22.601635147892857,45.680955723305516,116.3954327951251,True,,,
default,long_medium,1024,128,1,9,224.14290631456655,7.2989647727309155,1147.2237870131326,20.999609842217012,18.304719689338715,31.792488096309114,45.96916216193851,111.57369769437561,True,,,
default,long_long,1024,512,1,0,200.16124047259046,7.194100442691185,3872.638937180579,88.13338018236432,22.75796468816393,36.920150902536164,45.78745762287531,132.20958842415465,True,,,
default,long_long,1024,512,1,1,209.7868395476025,7.259887617300741,3916.797379886612,88.4922779352782,22.593019079746213,36.8431405678014,52.16092127228018,130.71904169186868,True,,,
default,long_long,1024,512,1,2,186.19143124504595,7.218618230693478,3872.227371278788,94.85547210274187,24.496359073929128,42.87230748989816,44.923330191693324,132.2236405324809,False,max_power_w,,
default,long_long,1024,512,1,3,205.31172771211044,7.120104264729528,3839.9264574021986,57.067670617907545,14.861657183016776,32.34962520108928,51.668248243095604,133.33588694466303,True,,,
default,long_long,1024,512,1,4,203.6435286158174,7.098000274867702,3827.493623582671,70.13461745624528,18.323901841173225,32.51733911730655,47.249669678697224,133.76900142834194,True,,,
default,long_long,1024,512,1,5,213.83815684659191,7.231706963626834,3905.907624312934,83.32542975262295,21.33317983096957,44.26912954623214,48.124699115069454,131.08348922872005,False,max_power_w,,
default,long_long,1024,512,1,6,217.51160530393128,7.256446267199696,3921.3714642513264,98.26758066857494,25.059492976989958,47.38192063476987,58.058178824865415,130.56656444501152,False,max_power_w,,
default,long_long,1024,512,1,7,204.99418739842542,7.255538229283719,3909.256891349941,66.82756033630753,17.09469656091869,31.504859579047665,46.16776972882445,130.971183073926,True,,,
default,long_long,1024,512,1,8,193.2206020378309,7.273316188655932,3906.3867329896375,81.11539654390774,20.764814671031935,29.9956364717805,47.05328156137465,131.0674121627881,True,,,
default,long_long,1024,512,1,9,226.49423139800354,7.201440423146314,3902.7647553627594,101.18859413236869,25.927413122537352,47.56289916024372,48.45972898576292,131.18904983869825,False,max_power_w,,
max_perf,short_short,128,64,1,0,36.13495849531124,4.621757997068166,310.24404608891933,9.036735982168631,29.127830480842185,48.15224101792642,55.07517448031575,122.21335707982448,False,max_power_w,,
max_perf,short_short,128,64,1,1,35.77508841923571,4.784931808367379,320.2863729243765,7.549513980572653,23.571137016045277,40.39643517476117,53.89601992274123,118.38145357344642,False,max_power_w,,
max_perf,short_short,128,64,1,2,38.61908411796524,4.50929420931181,304.3085733259451,7.817958679986489,25.69089196055173,43.540560140591765,51.35772696142662,124.59710211957389,False,max_power_w,,
max_perf,short_short,128,64,1,3,39.481710429961424,4.707868584185683,317.5025621691018,7.897325688831634,24.873266013599977,38.43994961201287,44.26713722247582,119.41940287826901,True,,,
max_perf,short_short,128,64,1,4,36.45534761870821,4.544512377553483,305.8580212057256,7.031804427760441,22.990420195750637,39.92602250528466,44.98220846642322,123.96590495513492,True,,,
max_perf,short_short,128,64,1,5,37.544292766004894,4.767317784205937,320.8347889185645,6.244393547043575,19.462956520680027,35.25670540119092,46.27363218093537,118.1790993251003,True,,,
max_perf,short_short,128,64,1,6,38.53553762483217,4.629256612796342,312.33800432287194,6.943403799866733,22.23041609976209,38.59262547690722,53.448039890285074,121.39402141841153,True,,,
max_perf,short_short,128,64,1,7,39.71197690604242,4.810525175359749,324.26605170752373,8.625602110125037,26.600385901343195,44.734179040878466,46.43243318154558,116.92857203798026,False,max_power_w,,
max_perf,short_short,128,64,1,8,36.66036055475385,4.691948715819436,315.08913422100557,8.024796898723189,25.468339041785374,41.85499709369229,53.165554730627306,120.33409682721752,False,max_power_w,,
max_perf,short_short,128,64,1,9,38.6085394088235,4.461885421568362,301.7017609951425,7.19361411176574,23.843460800620118,36.6572167662128,43.894335630781704,125.6736661446437,True,,,
max_perf,short_long,128,256,1,0,39.44476677760859,4.665490906661964,1210.3081943907082,26.0090099798406,21.489576043838998,40.514034091804845,46.69744529438629,125.31012038844283,False,max_power_w,,
max_perf,short_long,128,256,1,1,35.167125037373744,4.658463672459624,1206.7111273231483,23.280100982197716,19.292190529344044,32.73622074675992,57.56101354840581,125.68365544341583,True,,,
max_perf,short_long,128,256,1,2,38.500591496589585,4.6136895125424555,1196.849336853428,20.09201805005267,16.787424641831286,28.525429883343467,43.07038217233658,126.71926271434445,True,,,
max_perf,short_long,128,256,1,3,34.720534422993545,4.713441578410461,1220.2014421357767,29.845168951983876,24.459214619304543,35.60109468246967,48.804462578368366,124.29412087954428,True,,,
max_perf,short_long,128,256,1,4,40.30940512727791,4.7036644426118235,1221.2727482666064,30.49181677646996,24.967245703097873,43.205663962804245,45.5240108606889,124.18508949903297,False,max_power_w,,
max_perf,short_long,128,256,1,5,39.47727827279015,4.62058886744088,1199.6227184369743,26.917024502740013,22.437908259866102,44.08171544028154,55.905859903584556,126.42630321625288,False,max_power_w,,
max_perf,short_long,128,256,1,6,31.540284082716116,4.683295605521213,1211.1221373661442,30.810408595141258,25.43955530541732,44.86061568895875,41.979526061410006,125.22590485881587,False,max_power_w,,
max_perf,short_long,128,256,1,7,39.01662300014441,4.672720256432419,1212.35835067123,28.737798718390646,23.70404649951871,44.43449231909767,48.51441123076816,125.09821494795563,False,max_power_w,,
max_perf,short_long,128,256,1,8,39.31864607929066,4.621264922190073,1199.7887032758406,26.994558720436622,22.499427313102785,29.523027035084134,40.69286102035716,126.4088127618833,True,,,
max_perf,short_long,128,256,1,9,35.478276909770486,4.71229802050542,1220.224215428691,31.821580098466832,26.078469592809405,52.07095351482006,57.29638175877433,124.29180115306572,False,max_power_w,,
max_perf,medium_medium,512,128,1,0,96.73254792184053,4.536008738982076,630.8319980587927,11.72584844908307,18.58791006982217,33.93976753384453,51.251057898705554,120.20939490460312,True,,,
max_perf,medium_medium,512,128,1,1,122.23018551363641,4.581686789420077,652.2584826168413,15.50491987170873,23.771127988253152,41.968928061713704,51.070683664521134,116.26055435703009,False,max_power_w,,
max_perf,medium_medium,512,128,1,2,91.653006699627,4.593147195689526,635.6464128367569,13.702545350006163,21.556867266590196,39.87093400538682,55.78984434690378,119.29892349220883,True,,,
max_perf,medium_medium,512,128,1,3,100.31577199371611,4.456479568774897,622.6293567535421,15.14289065922237,24.32087484306726,42.679174590551035,49.146996714519354,121.79305705806304,False,max_power_w,,
max_perf,medium_medium,512,128,1,4,101.90037503357857,4.493854068932398,629.1477198911228,17.125870212489833,27.22074589327535,48.4082576882512,49.8609592262543,120.53120495490684,False,max_power_w,,
max_perf,medium_medium,512,128,1,5,93.65075710703974,4.480399073983213,622.5965559492357,12.359380789396711,19.851347829178245,39.786752132893454,49.618211875971326,121.79947358926977,True,,,
max_perf,medium_medium,512,128,1,6,124.7317342040316,4.494412779443633,642.2625602605433,17.55469368088929,27.332581357020047,51.08857208031044,54.199900120230275,118.06998798489344,False,max_power_w,,
max_perf,medium_medium,512,128,1,7,108.56112996945824,4.359399342538863,616.0511950506283,15.0385986432439,24.411280692358687,48.99744176821922,49.78087358606628,123.09355680557884,False,max_power_w,,
max_perf,medium_medium,512,128,1,8,102.72775565632784,4.434112835469011,621.7023333527754,13.348775311583372,21.471328955120416,37.744549517500445,52.71713409418703,121.97466328323975,True,,,
max_perf,medium_medium,512,128,1,9,106.3226018619005,4.514701555094492,634.2631546698059,17.594989327615703,27.74083469624775,43.632504798229384,54.10613457830134,119.55910132062921,False,max_power_w,,
max_perf,long_medium,1024,128,1,0,214.20488559716165,4.293259792821906,670.3518013863804,17.128585948296976,25.551637084994304,42.81953814589228,43.93359466800712,113.12259117716741,False,max_power_w,,
max_perf,long_medium,1024,128,1,1,219.2877181527406,4.3211072046267285,676.7521360933218,18.031714205821658,26.64448805424257,49.51264213596177,47.375631318583025,112.05274239821871,False,max_power_w,,
max_perf,long_medium,1024,128,1,2,189.60475243673926,4.298945336001417,655.4425499125509,16.886538845867864,25.763568215278156,46.33595242211288,48.71129500613391,115.69577346363418,False,max_power_w,,
max_perf,long_medium,1024,128,1,3,219.1481879223186,4.253586391781447,667.7372489485226,13.339742076867061,19.9775317280457,33.618162269600276,50.91775092803627,113.56552729763214,True,,,
max_perf,long_medium,1024,128,1,4,215.53157394624654,4.2265243746069014,662.1784110674647,11.473033310223597,17.326196563443517,36.23292763032424,53.24185853824885,114.5188841944641,True,,,
max_perf,long_medium,1024,128,1,5,220.14582185619125,4.235780535519271,666.0727216122847,9.94467238500746,14.930310253414294,31.19030175840141,48.2423584346501,113.84932952899153,True,,,
max_perf,long_medium,1024,128,1,6,253.65572106145757,4.213378219764067,683.2907824824881,16.90302258268273,24.737671012144723,45.937668448607106,52.3211488767051,110.98047085839727,False,max_power_w,,
max_perf,long_medium,1024,128,1,7,220.4904612945612,4.31162801640563,676.201504271495,18.71265047127406,27.673186695190978,48.62352484170696,48.819732012403364,112.14398710160621,False,max_power_w,,
max_perf,long_medium,1024,128,1,8,211.67753569342696,4.269221484870337,665.8547213027877,12.775588623525529,19.186750825359123,29.040027912688203,48.55924873817396,113.88660370949866,True,,,
max_perf,long_medium,1024,128,1,9,229.7409492607661,4.27664175297558,676.7182174582377,15.805222378534152,23.35569217849457,45.121435171194484,46.35699155455703,112.0583587330262,False,max_power_w,,
max_perf,long_long,1024,512,1,0,280.1294509876877,4.307521592213922,2364.7499124008195,61.11031777695161,25.84219052360982,41.598342858761576,46.01614727336161,128.27053275349635,False,max_power_w,,
max_perf,long_long,1024,512,1,1,187.95846941569815,4.255895335354909,2283.981730220862,48.38237446279763,21.183345655798668,44.40300953185587,48.58864780841765,132.80654879104705,False,max_power_w,,
max_perf,long_long,1024,512,1,2,232.3115971023472,4.235745490695192,2300.2322959565413,49.40425149278362,21.47794011049614,38.34568575867325,48.49095699971753,131.8683037472524,True,,,
max_perf,long_long,1024,512,1,3,225.4795152782982,4.241261940759496,2298.688227061034,60.17453436936571,26.177771157031284,51.29600296466798,47.04283443780832,131.95688198231815,False,max_power_w,,
max_perf,long_long,1024,512,1,4,240.08134049693143,4.281867039565218,2328.0649396114636,60.75148165915073,26.095269348152154,47.83500645102522,43.80083673694835,130.2917826437694,False,max_power_w,,
max_perf,long_long,1024,512,1,5,240.47102151314735,4.265094558048598,2320.118544230637,59.21898520535816,25.524120460403232,42.636104994030575,52.28937573907095,130.7380314021937,False,max_power_w,,
max_perf,long_long,1024,512,1,6,227.7943862908296,4.290532579035843,2324.862671584915,52.783363304309624,22.703862877339734,41.02185653818496,49.4425545242023,130.47124666750796,False,max_power_w,,
max_perf,long_long,1024,512,1,7,179.22464415963378,4.309356497545478,2306.309066643659,47.47834851127457,20.58629053579934,39.65778409451528,50.93482376342818,131.52085099065485,True,,,
max_perf,long_long,1024,512,1,8,208.18331504084372,4.27164255073824,2303.9157924329756,49.821460946249786,21.62468832840346,28.499255385468192,46.84709265854667,131.6574729374625,True,,,
max_perf,long_long,1024,512,1,9,170.88173989704927,4.288404073877387,2290.2780839657094,50.48729312948218,22.044175981486664,39.24206910468389,45.05914292571161,132.44144159438173,True,,,
energy_efficient,short_short,128,64,1,0,35.51158189514997,17.376644230692147,1167.5712350782696,21.64052449791501,18.534650261801207,32.68486291498257,51.288524775658125,122.68039065598691,True,,,
energy_efficient,short_short,128,64,1,1,38.96505514257382,17.43996798795317,1178.4107665609536,22.991813733345396,19.510865299070687,39.724468978062525,44.3906356017635,121.55192340623123,True,,,
energy_efficient,short_short,128,64,1,2,38.32160816578535,17.730447964684807,1193.7290421832395,16.963921609506876,14.210864450848206,29.63993987110701,51.028724365369015,119.99213404084034,True,,,
energy_efficient,short_short,128,64,1,3,43.95367467146082,17.469266817263676,1189.1054511317452,18.95071816633864,15.936953403335313,25.63737022219094,44.50839044686059,120.45869868123697,True,,,
energy_efficient,short_short,128,64,1,4,31.981371392897167,17.57552568530927,1170.3783483904606,21.013886096677613,17.954780285859304,34.347280316182875,48.455090735452366,122.38614584341941,True,,,
energy_efficient,short_short,128,64,1,5,38.84401777091129,17.796743542696166,1198.2468901370908,14.554406850920996,12.146417379189554,18.924123426657435,52.50192453643672,119.53971791381612,True,,,
energy_efficient,short_short,128,64,1,6,38.37803237952583,17.822926154700554,1200.1642163539466,24.487828686204065,20.4037317164789,40.59232914166344,44.20725479639336,119.3487468516993,False,max_power_w,,
energy_efficient,short_short,128,64,1,7,32.47686934802259,17.414311306302906,1159.6672860335614,23.837315420050565,20.555305566635344,37.3292727434173,51.19193637104482,123.5165438942544,True,,,
energy_efficient,short_short,128,64,1,8,35.85896257195385,17.75765516431453,1189.981473152932,20.858982909164766,17.528829969005784,28.233641589826064,46.43950822892661,120.37002127316887,True,,,
energy_efficient,short_short,128,64,1,9,40.335656474385246,17.91421856835047,1209.4011658104441,23.075354199775777,19.079983426601476,38.793737592869824,57.1574430958958,118.43720618716993,True,,,
energy_efficient,short_long,128,256,1,0,36.15888825182455,17.698144559824527,4585.71083679358,95.83769240116548,20.899200977132935,42.995357213682986,50.07018497552736,124.94298078179753,False,max_power_w,,
energy_efficient,short_long,128,256,1,1,35.671899545493936,17.399371229649226,4509.400620750229,93.29039921141661,20.687982075075844,37.29508297687012,48.82067407856954,127.05732516111175,True,,,
energy_efficient,short_long,128,256,1,2,39.03860839051385,17.416084222029273,4519.673422016823,85.2869199125927,18.87015099301908,32.43304795097373,49.127139139355805,126.76853556749049,True,,,
energy_efficient,short_long,128,256,1,3,36.71069921416529,17.6971226987975,4587.614096428441,95.3458465441805,20.7833188537827,40.08170221358242,51.12360979763668,124.89114579154273,False,max_power_w,,
energy_efficient,short_long,128,256,1,4,42.547711633553476,17.73883847484568,4609.748423336876,40.710372451742636,8.831365339949174,17.43065228472012,52.64579388408334,124.29146416142939,True,,,
energy_efficient,short_long,128,256,1,5,34.5267824172323,17.920572301185377,4638.806322426994,93.30213600900706,20.113393300755867,34.33881627607871,51.34993483193429,123.5128912760074,True,,,
energy_efficient,short_long,128,256,1,6,38.184316616985285,17.526649237518818,4545.382634088715,100.2964249841734,22.06556258476167,36.8241092289694,54.78270377245205,126.05151800762529,True,,,
energy_efficient,short_long,128,256,1,7,38.78647588654496,17.522572255311548,4547.49100897585,95.11800308190304,20.91658958624852,29.249490642551926,43.856446957167456,125.99307614275347,True,,,
energy_efficient,short_long,128,256,1,8,38.66710696650832,17.53816468830594,4551.055748691703,76.26712297045307,16.758116617749113,26.73531064940743,49.14446782878898,125.89438859699493,True,,,
energy_efficient,short_long,128,256,1,9,29.8022099371537,17.660316202778855,4561.41952792287,82.80379939216934,18.153076884352192,32.52163747342484,52.07176179332296,125.60835008598428,True,,,
energy_efficient,medium_medium,512,128,1,0,113.08124012552432,16.946864821970077,2396.4655214865397,49.024103960049565,20.45683675417106,32.89282924129616,51.63792693755991,119.54112750951987,True,,,
energy_efficient,medium_medium,512,128,1,1,105.5895496855759,17.54293273320144,2456.5075958181897,40.017939087324244,16.290582270312687,24.877734851243588,53.08241667039546,116.6192976418515,True,,,
energy_efficient,medium_medium,512,128,1,2,108.40433830014106,16.660874980589142,2349.2949859187993,43.98219095808066,18.72144248453304,33.659604105409024,46.75220551481616,121.94134503894617,True,,,
energy_efficient,medium_medium,512,128,1,3,141.00839937278997,16.76863923774931,2434.459664102151,40.94400150909476,16.818517107859027,31.258380998462524,56.95287570790842,117.67547217992018,True,,,
energy_efficient,medium_medium,512,128,1,4,117.3906220726663,16.804924907125745,2388.2567917081724,33.040077323871486,13.83439060597833,25.44253798146641,52.057455677248434,119.95200493967477,True,,,
energy_efficient,medium_medium,512,128,1,5,103.37952016465665,16.967444160330583,2378.2787542809033,49.75982578526126,20.922621326744625,38.830827831831684,56.26202047529675,120.45526200851484,True,,,
energy_efficient,medium_medium,512,128,1,6,138.3451722223501,16.97328715397819,2456.691347692296,38.5075335218551,15.674550878370345,30.20436485275298,50.96504416914966,116.61057492846759,True,,,
energy_efficient,medium_medium,512,128,1,7,114.29325447616247,17.33854494769552,2449.053339404638,42.864039158673314,17.502288933034638,29.098982776324107,49.081612773130644,116.97425526298765,True,,,
energy_efficient,medium_medium,512,128,1,8,111.92402592177908,16.919523499860226,2390.175442315195,45.427407631089785,19.005888365704003,29.810558904853824,51.79475652691476,119.8557166158067,True,,,
energy_efficient,medium_medium,512,128,1,9,116.9002320383879,16.791280965835053,2386.4925073650584,31.157089562500857,13.055599154971409,30.28665826368593,51.9906493361371,120.0406829655169,True,,,
energy_efficient,long_medium,1024,128,1,0,203.72980742942264,16.490974367023217,2542.0978243526774,49.61708029267107,19.518163234062644,28.7268295599421,49.90496538451141,112.69282705481214,True,,,
energy_efficient,long_medium,1024,128,1,1,248.4932168432063,15.945587429280486,2573.1997874673884,37.06835952103659,14.405550514023728,23.332554888323212,50.94746223229987,111.33072211161185,True,,,
energy_efficient,long_medium,1024,128,1,2,239.60325869556866,16.06495366954622,2570.3080944456547,44.33221667287833,17.24782206797648,29.001904793652486,49.36541700961914,111.45597335014253,True,,,
energy_efficient,long_medium,1024,128,1,3,222.63099783260375,16.44832574995179,2579.3191061780476,44.839143582090514,17.3841008949574,32.233402594171345,52.51376583621207,111.06659497462559,True,,,
energy_efficient,long_medium,1024,128,1,4,220.18605276854913,16.192438794070334,2542.9959519041545,37.99425152995854,14.940744007676873,28.91755893274075,48.73311871450747,112.65302654598477,True,,,
energy_efficient,long_medium,1024,128,1,5,201.69422175639602,15.89737397007842,2462.7159467214246,40.37523958506632,16.39459867014596,35.55862597132886,47.019117250408705,116.32530777963726,True,,,
energy_efficient,long_medium,1024,128,1,6,211.3144224326906,15.961387450284901,2493.0922629661404,46.661319932381474,18.716242726158267,32.07170318058735,45.58679740136158,114.90797782804768,True,,,
energy_efficient,long_medium,1024,128,1,7,210.405051020522,16.068418343112274,2502.362087389904,41.656965468686636,16.64705746566719,32.39366190129722,50.347608342976685,114.48230930280768,True,,,
energy_efficient,long_medium,1024,128,1,8,234.82172300704667,15.964249282144092,2543.70818570803,50.22994824213936,19.746741597310255,36.224999516456684,48.96672558603362,112.62148389731703,True,,,
energy_efficient,long_medium,1024,128,1,9,200.192786903304,16.252908981184977,2504.2284176998896,37.16942335584765,14.842664947468098,19.645950053605063,52.18194077578314,114.39698888942254,True,,,
energy_efficient,long_long,1024,512,1,0,210.21100286218,16.15424712694547,8716.741647925573,168.1349365663861,19.28873693376001,29.634311728848985,51.048454239777854,131.4602185298754,True,,,
energy_efficient,long_long,1024,512,1,1,232.58148501067933,16.161933507483017,8769.710979268322,182.51817570338036,20.812336476635892,37.40802621210115,48.61276791045003,130.6661946572346,True,,,
energy_efficient,long_long,1024,512,1,2,249.53877473086527,16.183653188983396,8822.401763962049,145.84145369238234,16.53081072414078,34.121143644423256,45.10821455321281,129.8858057661328,True,,,
energy_efficient,long_long,1024,512,1,3,191.03560195606138,15.962745288777258,8576.565484901703,205.49639675984065,23.960220104609377,40.61139261460016,42.32082241611462,133.60881624725275,False,max_power_w,,
energy_efficient,long_long,1024,512,1,4,231.80538276224266,16.159516908349307,8766.428624729351,145.92455368585297,16.645838337656933,26.671293673157624,46.8211660541898,130.7151191161543,True,,,
energy_efficient,long_long,1024,512,1,5,215.9139662861184,16.10932181098831,8708.649781666296,165.4223185225158,18.995174070585286,27.455947265634308,51.644554945134345,131.58236817803308,True,,,
energy_efficient,long_long,1024,512,1,6,212.50199590639124,16.09155339647394,8690.379050152562,161.49342696772229,18.583013011945344,34.26665923780148,46.86188010080103,131.8590081389655,True,,,
energy_efficient,long_long,1024,512,1,7,214.20647278550123,15.938828935391136,8616.055607623406,144.4367800593677,16.763677793765787,32.166285767347496,52.88573677776178,132.99644455531092,True,,,
energy_efficient,long_long,1024,512,1,8,195.18742226740366,15.979767784922608,8594.518594536032,165.21397156278147,19.223179256115206,33.18842241692673,46.541862001024114,133.32972048408521,True,,,
energy_efficient,long_long,1024,512,1,9,200.14882171395547,16.023952882707423,8628.151016582236,150.2575855210376,17.41480709276659,27.73410309308585,47.980831695236496,132.81000294297993,True,,,
phase_aware,short_short,128,64,1,0,23.083117550009433,7.05665555293095,615.8782681260649,12.7555937500941,20.71122559480073,34.42887104088315,49.6492792976632,103.91663955725056,True,,150.0,2.25
phase_aware,short_short,128,64,1,1,30.40785500151175,6.853713262556076,605.0341135046958,9.12111848149086,15.075378855344608,33.04754234650815,52.235171179796524,105.77915950767837,True,,150.0,2.25
phase_aware,short_short,128,64,1,2,31.768601545669334,6.986543491187262,614.4653901049883,9.81873206756898,15.979308559415106,36.26633027272537,48.637266576246844,104.15558147069095,True,,150.0,2.25
phase_aware,short_short,128,64,1,3,26.489915348201936,6.8371111247730365,603.9832302005831,10.805639092403606,17.890627673246904,37.14052107747054,51.87974022991632,105.96320692338688,True,,150.0,2.25
phase_aware,short_short,128,64,1,4,28.86910786311862,7.0376070009198255,615.9748964128023,9.373063042341322,15.21663154931538,42.690361063553155,49.734088855221046,103.90033810259322,False,max_power_w,150.0,2.25
phase_aware,short_short,128,64,1,5,28.72348602621107,6.9955005655604,614.1067196643401,12.782715717809992,20.815137350714547,34.66164409664581,48.61423251484559,104.21641377736638,True,,150.0,2.25
phase_aware,short_short,128,64,1,6,25.114635729562124,6.98643785415809,611.3175853414845,7.972417625858942,13.041368049972776,38.227693263171716,48.244635566560945,104.6919007969472,True,,150.0,2.25
phase_aware,short_short,128,64,1,7,23.58325622035874,7.058164160677846,613.5806243327972,10.078054309229362,16.42498786559331,33.701802382194316,47.99338053860602,104.30577085055953,True,,150.0,2.25
phase_aware,short_short,128,64,1,8,27.517146439836974,7.0751525169694975,618.7512543035781,9.150754639830247,14.789068428038465,31.988187309497917,48.589363229684736,103.43413375708433,True,,150.0,2.25
phase_aware,short_short,128,64,1,9,26.96021388124455,6.887437421049528,606.0633163539995,10.011392258309307,16.518723354742175,32.16875058480139,52.040581957640136,105.59952776059096,True,,150.0,2.25
phase_aware,short_long,128,256,1,0,26.235394265242874,6.971402702853826,1950.489011647136,42.28439022638867,21.67886615812341,42.764068769565284,48.17662771373589,131.24913725292654,False,max_power_w,150.0,2.25
phase_aware,short_long,128,256,1,1,25.36638077931508,6.940597355195258,1940.578926264079,22.626852904641307,11.659846759338759,40.64215495461187,49.975988925168984,131.91939608085946,False,max_power_w,150.0,2.25
phase_aware,short_long,128,256,1,2,32.42012538597318,6.963373164846371,1950.9478147548803,20.99351912414341,10.760676920915522,28.57406179890152,45.08405627554249,131.21827148009297,True,,150.0,2.25
phase_aware,short_long,128,256,1,3,28.32388315337733,6.984813974523309,1952.0710151724918,30.52135637555582,15.635371940020761,23.14585452743526,47.77630441978991,131.14276991474048,True,,150.0,2.25
phase_aware,short_long,128,256,1,4,30.94834685205719,6.9826381239100135,1953.253848724944,32.48521682450935,16.63133383595544,38.99249972889759,46.723034520942974,131.0633536788437,True,,150.0,2.25
phase_aware,short_long,128,256,1,5,22.796898842421438,6.9375599734685105,1940.4298209913704,35.567882137986786,18.329898743678896,38.86818977193867,48.002382422823295,131.92953294709156,True,,150.0,2.25
phase_aware,short_long,128,256,1,6,26.11316506454598,7.015304474996436,1960.356492024954,26.575811500951126,13.556621772144918,37.96157529685935,50.456192066003844,130.58849298148027,True,,150.0,2.25
phase_aware,short_long,128,256,1,7,25.45006805416555,6.999856235879209,1954.2316726857644,34.74938999507607,17.781612324048996,35.43704699105142,52.564492054842646,130.99777451061922,True,,150.0,2.25
phase_aware,short_long,128,256,1,8,23.664271108010087,6.913099544855501,1932.2716069702403,36.27346499222102,18.772446306912837,46.720093043660746,49.444531273393906,132.4865505845746,False,max_power_w,150.0,2.25
phase_aware,short_long,128,256,1,9,22.763817351925965,6.930687705915669,1937.1179126438649,16.877177625468512,8.71251951949264,25.142298859420688,46.62318689532997,132.15509408541877,True,,150.0,2.25
phase_aware,medium_medium,512,128,1,0,67.50070759981892,6.751260501052454,1069.2602036709563,18.042235048459165,16.873568273201446,26.114996797371596,52.34207202256678,119.7089347948738,True,,150.0,2.25
phase_aware,medium_medium,512,128,1,1,70.32532484985063,6.787694718578939,1080.539402045469,19.774851764040264,18.300907608372565,35.93215204946425,51.510941527313896,118.45935442770072,True,,150.0,2.25
phase_aware,medium_medium,512,128,1,2,73.99787711691113,6.650341068333141,1060.18313032804,18.351322883474563,17.309578278043652,38.529227915030155,51.299629138908365,120.73385846122119,True,,150.0,2.25
phase_aware,medium_medium,512,128,1,3,76.64735812053807,6.719005957107539,1077.3276633093228,12.561288490912393,11.659673206874473,33.19527699150065,45.62724992497402,118.81250650040033,True,,150.0,2.25
phase_aware,medium_medium,512,128,1,4,85.25422279117319,6.671182553724899,1076.7913361015144,18.51357731890886,17.1932822063155,29.141257477953346,49.80118746536309,118.87168452099507,True,,150.0,2.25
phase_aware,medium_medium,512,128,1,5,73.2905375630791,6.81877467046058,1085.881975538477,17.570213078505134,16.18059188227363,31.49605145424385,53.82651896098232,117.8765306759293,True,,150.0,2.25
phase_aware,medium_medium,512,128,1,6,76.41505457780107,6.719242724840384,1074.5629749251975,16.232614060147,15.106247320011175,36.09556716370483,46.817402173724325,119.11819315095083,True,,150.0,2.25
phase_aware,medium_medium,512,128,1,7,84.03869153800639,6.775486744241115,1088.096887157353,17.13733766941604,15.749826942513586,33.81457222611347,48.080013100124,117.6365832039087,True,,150.0,2.25
phase_aware,medium_medium,512,128,1,8,63.49244489133127,6.7094895070997245,1062.6719326056516,10.958040810661457,10.311781533358605,27.440156857242314,47.51315530354643,120.45109696851259,True,,150.0,2.25
phase_aware,medium_medium,512,128,1,9,62.404231282684165,6.644491065984407,1051.6204103912346,19.48053072761341,18.524298820299677,24.536364391168348,52.86244221998356,121.71692250855052,True,,150.0,2.25
phase_aware,long_medium,1024,128,1,0,148.49980388719928,6.561723293527768,1127.7566422716661,22.919727756040317,20.323292186399883,45.71456114084172,50.330845532877255,113.4996640251807,False,max_power_w,150.0,2.25
phase_aware,long_medium,1024,128,1,1,128.58273499436447,6.429989824823508,1092.0295993247921,19.060081276400034,17.453813786901918,34.56742721247208,52.853559323973,117.21294008801877,True,,150.0,2.25
phase_aware,long_medium,1024,128,1,2,140.86014518608474,6.307418280384261,1087.549414332736,20.585365173505675,18.928211355008443,41.44827075535812,44.52548679595592,117.69580150850817,False,max_power_w,150.0,2.25
phase_aware,long_medium,1024,128,1,3,123.33614746926989,6.548382443547719,1103.2248895896846,20.44105039904552,18.528452894720342,41.0021781309155,52.032295264627834,116.02348823693256,False,max_power_w,150.0,2.25
phase_aware,long_medium,1024,128,1,4,126.68097015787181,6.280122150780054,1069.8425149616378,19.877861496137548,18.580175323141205,31.42949349529174,48.47321846557187,119.64377766814567,True,,150.0,2.25
phase_aware,long_medium,1024,128,1,5,145.6633990521187,6.4114163355028175,1105.7197394345849,17.9048311259719,16.19291985790868,40.55691638133279,52.98010444326898,115.76170292976177,False,max_power_w,150.0,2.25
phase_aware,long_medium,1024,128,1,6,123.6301337350734,6.316318526693274,1069.891459993541,14.83697897377627,13.867742222996942,35.71100760424749,45.991640478563184,119.63830424515469,True,,150.0,2.25
phase_aware,long_medium,1024,128,1,7,127.57191201227361,6.327529459300347,1077.4402612064262,15.451868002699435,14.341275854494006,30.238624383228508,50.51837307400213,118.80008999912111,True,,150.0,2.25
phase_aware,long_medium,1024,128,1,8,138.4024689061418,6.313163995489846,1084.5343956086856,21.28544116098623,19.62634034215204,45.178837636892624,48.9900153514002,118.02299725880164,False,max_power_w,150.0,2.25
phase_aware,long_medium,1024,128,1,9,100.26176926105973,6.349596957267418,1051.3576674201831,17.851551436852848,16.979522754284854,41.04591056593054,41.68914930669546,121.74734057353272,False,max_power_w,150.0,2.25
phase_aware,long_long,1024,512,1,0,127.8371865559223,6.376098437807536,3531.4946199774913,40.32045841473814,11.417391997894402,39.9325413689231,48.72429992014588,144.98110717871157,True,,150.0,2.25
phase_aware,long_long,1024,512,1,1,122.47658843402616,6.327141112039325,3501.8819276434115,67.63173413382775,19.31296815005424,35.203741246367,52.18179306295851,146.20709966213795,True,,150.0,2.25
phase_aware,long_long,1024,512,1,2,139.82119595201908,6.361062580945175,3536.0307796643433,44.3669072485645,12.547093058046293,32.247857809904815,44.31928319792979,144.79511969876052,True,,150.0,2.25
phase_aware,long_long,1024,512,1,3,118.44426625164867,6.288043791564149,3476.2338265228755,52.36575155194601,15.063932452531589,38.650874662207045,48.72835101714081,147.2858344837324,True,,150.0,2.25
phase_aware,long_long,1024,512,1,4,118.60913945940644,6.3658421164598575,3519.4364682750747,60.68006362147366,17.24141468910044,25.746573901095687,54.28338137810386,145.47783561808075,True,,150.0,2.25
phase_aware,long_long,1024,512,1,5,118.25507792446616,6.345099160154976,3505.4315174470285,59.74651827621436,17.04398388011504,37.14469419715013,49.57876715933775,146.0590507764033,True,,150.0,2.25
phase_aware,long_long,1024,512,1,6,129.21531448288107,6.463665291605395,3576.7541502650383,55.29763877009077,15.46028506488018,29.833048432907198,47.31562296529289,143.14654530059346,True,,150.0,2.25
phase_aware,long_long,1024,512,1,7,166.7523146654092,6.316888228027941,3538.548149500899,33.38980714993835,9.436018880977464,32.12335789783159,50.54973582367157,144.69211054036836,True,,150.0,2.25
phase_aware,long_long,1024,512,1,8,131.55735151259702,6.309430872859201,3503.2297204915226,43.680985253538985,12.46877559813871,31.368322419368354,50.99924608857069,146.15084960176793,True,,150.0,2.25
phase_aware,long_long,1024,512,1,9,114.9789558860193,6.322063726037191,3491.9097923406225,34.66158196368308,9.926253547474795,38.29548274981505,51.46462935892359,146.62463535657577,True,,150.0,2.25
oracle,short_short,128,64,1,0,36.26616847106726,8.08505649512689,541.3716428590643,12.778363890688833,23.603681609927683,41.21169083392874,56.523581265201344,118.21823481925736,False,max_power_w,,
oracle,short_short,128,64,1,1,37.64382982068645,7.897019107180073,531.131825800473,8.171535001571382,15.385135299049336,25.361557043385936,51.38958207389353,120.49739234425482,True,,,
oracle,short_short,128,64,1,2,33.036730329422696,7.81466919565395,521.5825647967888,11.23808564453498,21.546129803846867,38.43669793459429,47.67185337286344,122.70348803728653,True,,,
oracle,short_short,128,64,1,3,38.002969348423335,7.920573315039106,532.7553862662471,11.075441350180018,20.78898052594256,35.82438730570457,48.30942114495314,120.13017915883762,True,,,
oracle,short_short,128,64,1,4,36.543943361606544,7.791387415607759,523.0485253014674,11.376106550162751,21.749619776876244,36.06565955607183,56.72108649940446,122.35958406175139,True,,,
oracle,short_short,128,64,1,5,33.94732694812253,7.958291265482872,531.9278682290698,10.132383702407026,19.048416726388943,35.47170122351616,44.16348951972413,120.31706519358184,True,,,
oracle,short_short,128,64,1,6,30.427319677651102,7.992053802484249,529.4529013844507,10.667797599891902,20.14871874721433,38.598135683553544,48.13638019573861,120.87949623592259,True,,,
oracle,short_short,128,64,1,7,41.18374594125257,7.784430332701368,526.9976921141857,7.396564305193547,14.035287850161813,23.03169293216189,53.74266461290248,121.44265706980171,True,,,
oracle,short_short,128,64,1,8,40.79356114979903,8.01997719244418,541.9963859025299,11.162465389931608,20.595091923618494,40.900096583876,44.76947775071022,118.08196819140682,False,max_power_w,,
oracle,short_short,128,64,1,9,38.28716708746165,7.889346539687552,531.3353814321963,8.973562270877546,16.888697015978153,32.294819501145426,49.83142968339061,120.45122955578489,True,,,
oracle,short_long,128,256,1,0,40.955416111626235,4.675873182847015,1213.8548675706347,21.578938865678268,17.777198446191164,36.75585416607225,44.81603466909741,124.94398597235356,True,,,
oracle,short_long,128,256,1,1,44.53804540094646,4.713792293598389,1225.4252795143307,27.586411873641843,22.511704577022506,40.05214314901861,51.439352340005335,123.76427031628317,False,max_power_w,,
oracle,short_long,128,256,1,2,38.60271755495463,4.647881787390569,1205.2097935916556,28.559515695888514,23.696717241882066,37.59598988661941,46.30881930027001,125.84021997883352,True,,,
oracle,short_long,128,256,1,3,39.81124685306438,4.680505385683664,1214.4407501853082,26.629920813304366,21.92772336504764,35.54945351561023,50.08554327059073,124.88370924894978,True,,,
oracle,short_long,128,256,1,4,37.06994081550878,4.7163231743000775,1222.1085052493668,29.259610460877877,23.941908869137247,42.995137457042304,46.5064023359822,124.10016368822508,False,max_power_w,,
oracle,short_long,128,256,1,5,35.82764549080233,4.625777917716381,1198.8480089886423,23.655950175990647,19.732234610746858,40.71598905347958,52.754852200923104,126.5080013555374,False,max_power_w,,
oracle,short_long,128,256,1,6,38.394970635523165,4.642513124291334,1204.3147173623943,25.60861387332842,21.264054573222033,38.862609944204166,52.65782261871651,125.9337475160829,True,,,
oracle,short_long,128,256,1,7,35.62078386430288,4.761409369685895,1233.0097836335397,25.689782756190937,20.835019394968683,32.515277763461995,44.697758640840476,123.00297009751401,True,,,
oracle,short_long,128,256,1,8,36.05012944179867,4.655313033208524,1206.2130729893515,25.01275746836746,20.73659955150252,32.54651896214668,42.8231806487632,125.73555115793161,True,,,
oracle,short_long,128,256,1,9,38.30658271632017,4.714533383759743,1222.366783062106,26.192997630767103,21.428099972703766,35.15166937487482,47.97133936839384,124.07394216512569,True,,,
oracle,medium_medium,512,128,1,0,111.62897111989426,7.68070131419262,1083.004037436682,22.494360103908864,20.770338176346826,36.70881279613741,48.54192255960426,118.18977176018473,True,,,
oracle,medium_medium,512,128,1,1,112.7158863958258,7.555973837345391,1068.9463841926286,20.266152173128514,18.95899782516732,28.36431691189817,45.92663894639317,119.74407874224482,True,,,
oracle,medium_medium,512,128,1,2,114.28263805000499,7.673503341542608,1084.8144418228972,21.75135785346081,20.050763536029564,31.556572871688637,52.72220837424565,117.99252947343857,True,,,
oracle,medium_medium,512,128,1,3,109.40834737154356,7.408841491467459,1046.5329148418693,24.51873010798686,23.428532213620464,36.01940458322194,52.20196241438211,122.30862324988674,True,,,
oracle,medium_medium,512,128,1,4,120.87172712844665,7.508947854002293,1070.2561475379434,18.765450647305904,17.533606969205117,29.301902329371643,46.25953882788521,119.59753774314298,True,,,
oracle,medium_medium,512,128,1,5,116.65052051999962,7.706529797283028,1090.5452876636903,19.70002441714131,18.064379939090195,32.79695038132086,55.275973547857376,117.37247544686424,True,,,
oracle,medium_medium,512,128,1,6,103.85757160760501,7.703336778899956,1078.4003972980245,23.623339225975297,21.905907383903532,40.91490740039859,47.83132927227283,118.69431828911519,False,max_power_w,,
oracle,medium_medium,512,128,1,7,95.5738993584514,7.5170053735184945,1047.6033362031596,26.462599551941555,25.26013295055956,36.56013930592434,47.02784480856357,122.18365060186981,True,,,
oracle,medium_medium,512,128,1,8,103.6737117221976,7.72617171898905,1081.2288870900652,26.735792043631722,24.72722692008936,35.27671800101315,48.873533797469825,118.38381449878682,True,,,
oracle,medium_medium,512,128,1,9,116.06414443521619,7.568942455517485,1073.6427097643775,21.41945747117261,19.950265834593466,35.38189981957176,51.99547327202546,119.22029445726035,True,,,
oracle,long_medium,1024,128,1,0,208.12090681824546,7.233303239378508,1123.1027186563103,19.596468491856893,17.44850953197075,29.28328246411344,48.922363291561794,113.96998500114067,True,,,
oracle,long_medium,1024,128,1,1,175.76391940937867,7.1955804009173825,1085.4531156103485,17.900583164712263,16.491346247273697,23.73277823850939,44.72961497058037,117.92310341108175,True,,,
oracle,long_medium,1024,128,1,2,223.29742484358573,7.18693634085075,1133.4460027793432,21.989122165227215,19.400237956909542,33.434618612961884,56.41187707349462,112.92994962806249,True,,,
oracle,long_medium,1024,128,1,3,223.962566737555,7.068796359793306,1118.7750423237244,25.74622594212495,23.01287119227238,44.359873799661436,50.4162900611684,114.41084682595415,False,max_power_w,,
oracle,long_medium,1024,128,1,4,236.40764160253,7.196395362420418,1146.7707274368277,26.206166595568785,22.85214120711187,34.46089413811354,56.231418401043065,111.61777758845972,True,,,
oracle,long_medium,1024,128,1,5,202.28055848346003,7.098281107928844,1100.0977762217954,28.231823266051478,25.663012757840118,39.40404574441628,47.8363260810724,116.35329401319812,True,,,
oracle,long_medium,1024,128,1,6,236.9901291967588,7.184942451051604,1146.177600979027,21.124296131711123,18.43021196162571,31.585920264051317,53.78118231696526,111.67553779681843,True,,,
oracle,long_medium,1024,128,1,7,189.91768573561478,7.157395978262083,1095.7348734266932,24.14034939174157,22.031195663461382,34.62075843097115,49.842127109591154,116.81657954328443,True,,,
oracle,long_medium,1024,128,1,8,251.37556243968487,7.1569823101190195,1156.4562546338493,22.139453122144968,19.14422014099845,30.660996049070974,46.95280429756087,110.68295881241669,True,,,
oracle,long_medium,1024,128,1,9,198.59370680225078,7.196090094740504,1108.869108527953,19.921544367005055,17.965641042567526,36.069615505935346,51.55042095976317,115.43292081598584,True,,,
oracle,long_long,1024,512,1,0,238.8798630219573,7.20011537596718,3914.4169688630573,86.07253552371297,21.98859656709304,41.8154459218145,47.613830665394744,130.7985337465749,False,max_power_w,,
oracle,long_long,1024,512,1,1,211.03560006473705,7.2507806990118855,3912.2191662017317,77.39997372886029,19.784160968672378,32.426382169224034,50.82550893411175,130.8720136190854,True,,,
oracle,long_long,1024,512,1,2,199.44896873393566,7.198892482866427,3874.791780240167,64.77091675737307,16.71597351054524,27.846055406874967,46.61273768207995,132.13613247839223,True,,,
oracle,long_long,1024,512,1,3,214.59495804471456,7.1888236764416575,3884.421452953158,97.89600765564562,25.202210635825704,41.38122536387055,48.596688466679545,131.80856047706885,False,max_power_w,,
oracle,long_long,1024,512,1,4,230.3473319787038,7.217325620892677,3913.9361597067655,79.93274255946383,20.422597430779874,35.15130806983299,49.01467209875923,130.81460174822047,True,,,
oracle,long_long,1024,512,1,5,203.9921855327999,7.206627359663638,3883.290155671698,78.29155651968539,20.161140007871285,37.79660866565308,53.8879803513203,131.8469595304909,True,,,
oracle,long_long,1024,512,1,6,230.55274191938886,7.161718726591923,3886.4519471021827,92.35360797941779,23.762961497125552,42.32414578377249,47.83241078961174,131.73969650692777,False,max_power_w,,
oracle,long_long,1024,512,1,7,243.88697170162737,7.2349702679848775,3937.3339511358913,94.51454419269254,24.004706069045987,41.738734757946744,48.97915326016843,130.0372298499831,False,max_power_w,,
oracle,long_long,1024,512,1,8,212.36959554448325,7.12630767289484,3851.1077199215383,83.63196726299385,21.716340685660633,40.12033135018484,46.32490728836953,132.94876104125993,False,max_power_w,,
oracle,long_long,1024,512,1,9,194.45420462215054,7.217369006608486,3878.769851245181,81.30531723315424,20.96162452305677,30.469074695210384,43.18613471959627,132.0006135026638,True,,,
