timestamp,config_name,gpu_freq_mhz,cpu_freq_mhz,target_gpu_freq_mhz,target_cpu_freq_mhz,workload,phase,prompt_length,output_length,repeat,ttft_ms,tpot_ms,total_time_ms,output_tokens,tokens_per_second,total_energy_j,avg_power_w,max_power_w,energy_per_token_j,tokens_per_joule,avg_gpu_soc_w,avg_cpu_cv_w,avg_sys_5v0_w,avg_temp_cpu_c,max_temp_cpu_c,power_samples,model,runtime,phase_note
2026-05-14T03:59:50.758892,GPU306_CPU1036,306,1036,306,1036,short_short,mixed,128,64,0,82.72829302586615,80.63979163425901,5163.291953969747,64,12.395192944840979,88.326,16.059,16.906,1.38009375,0.724588456400154,8.492,0.472,7.095,51.6,52.0,11,Phi-3-mini-Q4,llama.cpp,
2026-05-14T03:59:56.732454,GPU306_CPU1036,306,1036,306,1036,short_short,mixed,128,64,1,82.78682199306786,80.62932922297881,5162.7030309755355,64,12.396606896815188,87.074,15.832,16.906,1.36053125,0.7350070055355216,8.311,0.472,7.049,51.7,52.0,11,Phi-3-mini-Q4,llama.cpp,
2026-05-14T04:00:02.784880,GPU306_CPU1036,306,1036,306,1036,short_short,mixed,128,64,2,83.07391591370106,85.96891910225774,5241.473113885149,61,11.63794961351711,87.48,15.905,16.507,1.4340983606557378,0.697302240512117,8.421,0.399,7.086,51.8,51.9,11,Phi-3-mini-Q4,llama.cpp,
2026-05-14T04:00:25.047704,GPU306_CPU1036,306,1036,306,1036,short_long,mixed,128,256,0,82.76964398100972,83.78091492215354,21447.8226210922,256,11.935943546467263,349.792,16.269,16.906,1.366375,0.7318635074558595,8.69,0.427,7.153,52.0,52.4,43,Phi-3-mini-Q4,llama.cpp,
2026-05-14T04:00:47.366362,GPU306_CPU1036,306,1036,306,1036,short_long,mixed,128,256,1,88.8282679952681,83.97607184289133,21503.66565096192,256,11.904947005560812,350.848,16.319,16.903,1.3705,0.7296607077708865,8.69,0.436,7.192,52.3,52.7,43,Phi-3-mini-Q4,llama.cpp,
2026-05-14T04:01:09.679355,GPU306_CPU1036,306,1036,306,1036,short_long,mixed,128,256,2,88.75884092412889,83.95243689381317,21497.54816084169,256,11.908334759138267,349.674,16.264,16.906,1.3659140625,0.7321104800471296,8.691,0.408,7.164,52.4,52.8,43,Phi-3-mini-Q4,llama.cpp,
2026-05-14T04:01:22.726501,GPU306_CPU1036,306,1036,306,1036,medium_medium,mixed,512,128,0,846.5685350820422,89.66480351903836,12234.480704879388,128,10.46223399976026,198.004,15.84,16.806,1.54690625,0.6464515868366296,8.465,0.431,6.945,52.5,52.8,25,Phi-3-mini-Q4,llama.cpp,
2026-05-14T04:01:35.003934,GPU306_CPU1036,306,1036,306,1036,medium_medium,mixed,512,128,1,93.55666302144527,89.53676729895703,11465.210121124983,128,11.164208823714123,185.368,16.119,16.806,1.4481875,0.6905183203141858,8.611,0.451,7.057,52.6,52.9,23,Phi-3-mini-Q4,llama.cpp,
2026-05-14T04:01:47.277797,GPU306_CPU1036,306,1036,306,1036,medium_medium,mixed,512,128,2,93.28909614123404,89.50866788889714,11461.409895215183,128,11.167910507540299,184.913,16.079,16.806,1.4446328125,0.6922174211656292,8.611,0.416,7.052,52.6,52.9,23,Phi-3-mini-Q4,llama.cpp,
2026-05-14T04:01:59.895084,GPU306_CPU1036,306,1036,306,1036,long_medium,mixed,1024,128,0,1246.6133248526603,83.12979820514406,11804.589323932305,128,10.843240411633488,194.32,16.193,17.007,1.518125,0.6587072869493619,8.652,0.416,7.126,52.7,53.1,24,Phi-3-mini-Q4,llama.cpp,
2026-05-14T04:02:11.355318,GPU306_CPU1036,306,1036,306,1036,long_medium,mixed,1024,128,1,94.02168216183782,83.09606894462068,10647.720400011167,128,12.021352476523122,181.244,16.477,17.007,1.41596875,0.7062302752091104,8.782,0.417,7.277,52.8,53.1,22,Phi-3-mini-Q4,llama.cpp,
2026-05-14T04:02:22.817890,GPU306_CPU1036,306,1036,306,1036,long_medium,mixed,1024,128,2,94.40823411569,83.11364876370378,10650.334473932162,128,12.018401892756867,180.675,16.425,17.104,1.4115234375,0.708454407084544,8.748,0.399,7.278,52.9,53.3,22,Phi-3-mini-Q4,llama.cpp,
2026-05-14T04:03:03.276468,GPU306_CPU1036,306,1036,306,1036,long_long,mixed,1024,512,0,94.27731786854565,85.77347891303994,39639.13659285754,461,11.629920316757511,656.605,16.623,17.015,1.4243058568329718,0.7020963897624903,8.815,0.419,7.389,53.0,53.3,79,Phi-3-mini-Q4,llama.cpp,
2026-05-14T04:03:15.255642,GPU306_CPU1036,306,1036,306,1036,long_long,mixed,1024,512,1,94.30376696400344,83.23646193215002,11166.631479980424,133,11.910485291687369,189.838,16.508,17.406,1.4273533834586465,0.7005973514259527,8.802,0.416,7.289,53.1,53.4,23,Phi-3-mini-Q4,llama.cpp,
2026-05-14T04:04:00.150415,GPU306_CPU1036,306,1036,306,1036,long_long,mixed,1024,512,2,94.30769481696188,86.06220962053234,44074.02390195057,512,11.616819946801831,732.19,16.641,17.418,1.43005859375,0.6992720468730793,8.843,0.413,7.385,53.3,53.6,88,Phi-3-mini-Q4,llama.cpp,
2026-05-14T04:04:10.350118,GPU306_CPU1497,306,1497,306,1497,short_short,mixed,128,64,0,25.740355951711535,23.923946381916128,1533.1260790117085,64,41.744772902993084,79.0,39.5,46.075,1.234375,0.810126582278481,29.644,0.798,9.058,54.5,54.8,4,Phi-3-mini-Q4,llama.cpp,
2026-05-14T04:04:12.693221,GPU306_CPU1497,306,1497,306,1497,short_short,mixed,128,64,1,25.808895006775856,23.946818825419225,1534.6374060027301,64,41.70366221340896,74.29,37.145,45.56,1.16078125,0.8614887602638308,27.644,0.798,8.702,54.8,55.2,4,Phi-3-mini-Q4,llama.cpp,
2026-05-14T04:04:15.035187,GPU306_CPU1497,306,1497,306,1497,short_short,mixed,128,64,2,25.933563942089677,23.92809493615041,1533.5791730321944,64,41.73243946281504,74.096,37.048,45.475,1.15775,0.8637443316778233,27.644,0.798,8.606,55.0,55.5,4,Phi-3-mini-Q4,llama.cpp,
2026-05-14T04:04:22.235684,GPU306_CPU1497,306,1497,306,1497,short_long,mixed,128,256,0,25.9470259770751,24.95871677666026,6391.066185897216,256,40.05591438951139,289.562,44.548,46.974,1.1311015625,0.8840939073497213,33.899,0.798,9.851,55.9,56.5,13,Phi-3-mini-Q4,llama.cpp,
2026-05-14T04:04:29.459622,GPU306_CPU1497,306,1497,306,1497,short_long,mixed,128,256,1,29.023983981460333,25.039528607956917,6414.750321069732,256,39.9080224773751,288.72,44.418,46.974,1.1278125,0.8866722083679689,33.776,0.798,9.845,56.7,57.3,13,Phi-3-mini-Q4,llama.cpp,
2026-05-14T04:04:36.684040,GPU306_CPU1497,306,1497,306,1497,short_long,mixed,128,256,2,28.646224876865745,25.043479650847466,6415.369484806433,256,39.90417085193404,289.376,44.519,47.075,1.130375,0.8846621696339712,33.838,0.798,9.883,57.3,57.8,13,Phi-3-mini-Q4,llama.cpp,
2026-05-14T04:04:41.084945,GPU306_CPU1497,306,1497,306,1497,medium_medium,mixed,512,128,0,224.10663403570652,26.517357567222568,3592.1471000183374,128,35.63328461669807,164.392,41.098,46.175,1.2843125,0.778626697162879,31.038,0.798,9.262,57.6,57.9,8,Phi-3-mini-Q4,llama.cpp,
2026-05-14T04:04:45.095191,GPU306_CPU1497,306,1497,306,1497,medium_medium,mixed,512,128,1,81.9641100242734,35.55284544889783,3201.5981660224497,88,27.48627261656888,146.606,41.887,46.075,1.6659772727272726,0.6002482845176869,31.593,0.798,9.496,57.8,58.2,7,Phi-3-mini-Q4,llama.cpp,
2026-05-14T04:04:49.295436,GPU306_CPU1497,306,1497,306,1497,medium_medium,mixed,512,128,2,29.265004210174084,26.473052488038626,3391.6799081489444,128,37.73941040027499,148.442,42.412,46.075,1.159703125,0.8622896484822354,32.044,0.798,9.57,58.0,58.2,7,Phi-3-mini-Q4,llama.cpp,
2026-05-14T04:04:50.436801,GPU306_CPU1497,306,1497,306,1497,long_medium,mixed,1024,128,0,333.37943512015045,333.37943512015045,333.37943512015045,0,0.0,12.284,24.567,24.567,0.0,0.0,17.55,0.798,6.219,57.6,57.6,1,Phi-3-mini-Q4,llama.cpp,
2026-05-14T04:04:54.458104,GPU306_CPU1497,306,1497,306,1497,long_medium,mixed,1024,128,1,32.214584993198514,25.039847181215297,3212.613759096712,128,39.84294708243722,149.456,42.702,47.276,1.167625,0.8564393533882882,32.162,0.798,9.742,58.1,58.6,7,Phi-3-mini-Q4,llama.cpp,
2026-05-14T04:04:58.481700,GPU306_CPU1497,306,1497,306,1497,long_medium,mixed,1024,128,2,32.19545795582235,25.055071614008014,3214.529607910663,128,39.81920082023937,150.904,43.116,47.175,1.1789375,0.848221385781689,32.504,0.798,9.814,58.5,58.9,7,Phi-3-mini-Q4,llama.cpp,
2026-05-14T04:05:12.772998,GPU306_CPU1497,306,1497,306,1497,long_long,mixed,1024,512,0,32.08403685130179,26.316203233018634,13480.999589897692,512,37.97937953975456,616.838,45.692,47.276,1.20476171875,0.8300396538475256,34.58,0.813,10.299,59.3,60.1,27,Phi-3-mini-Q4,llama.cpp,
2026-05-14T04:05:24.020128,GPU306_CPU1497,306,1497,306,1497,long_long,mixed,1024,512,1,32.11205708794296,25.94371267245151,10437.01600912027,401,38.420943270527765,479.772,45.693,47.276,1.1964389027431421,0.8358136781637945,34.59,0.798,10.304,60.2,60.7,21,Phi-3-mini-Q4,llama.cpp,
2026-05-14T04:05:24.860339,GPU306_CPU1497,306,1497,306,1497,long_long,mixed,1024,512,2,32.05906902439892,32.05906902439892,32.05906902439892,0,0.0,7.446,14.891,14.891,0.0,0.0,8.785,0.798,5.308,59.4,59.4,1,Phi-3-mini-Q4,llama.cpp,
2026-05-14T04:05:35.036959,GPU306_CPU2201,1300,2201,306,2201,short_short,mixed,128,64,0,25.476290844380856,23.833780970779202,1527.1298750303686,64,41.90868180005142,81.793,40.896,47.474,1.278015625,0.7824630469600088,29.938,1.697,9.262,59.7,60.1,4,Phi-3-mini-Q4,llama.cpp,
2026-05-14T04:05:37.366904,GPU306_CPU2201,1300,2201,306,2201,short_short,mixed,128,64,1,25.27034911327064,23.76995638145932,1522.9010321199894,64,42.025055240068575,76.431,38.216,46.859,1.194234375,0.8373565699781502,27.838,1.596,8.782,59.8,60.0,4,Phi-3-mini-Q4,llama.cpp,
2026-05-14T04:05:39.696647,GPU306_CPU2201,1300,2201,306,2201,short_short,mixed,128,64,2,25.25197295472026,23.764846269928274,1522.5625107996166,64,42.03439894654217,76.431,38.216,46.859,1.194234375,0.8373565699781502,27.838,1.596,8.782,59.7,60.0,4,Phi-3-mini-Q4,llama.cpp,
2026-05-14T04:05:46.846788,GPU306_CPU2201,1300,2201,306,2201,short_long,mixed,128,256,0,25.29644500464201,24.772896720826918,6342.828335007653,256,40.360543668992605,298.15,45.869,48.273,1.1646484375,0.8586282072782158,34.266,1.627,9.976,60.5,61.1,13,Phi-3-mini-Q4,llama.cpp,
2026-05-14T04:05:54.015346,GPU306_CPU2201,1300,2201,306,2201,short_long,mixed,128,256,1,27.64525800012052,24.83492987869563,6360.987026011571,256,40.24532654337382,298.358,45.901,48.772,1.1654609375,0.858029615428445,34.206,1.689,10.007,60.9,61.4,13,Phi-3-mini-Q4,llama.cpp,
2026-05-14T04:06:01.184902,GPU306_CPU2201,1300,2201,306,2201,short_long,mixed,128,256,2,27.89705083705485,24.836880663482873,6361.746669048443,256,40.24052093201176,297.66,45.794,48.273,1.162734375,0.8600416582678223,34.175,1.627,9.991,61.3,62.1,13,Phi-3-mini-Q4,llama.cpp,
2026-05-14T04:06:05.556535,GPU306_CPU2201,1300,2201,306,2201,medium_medium,mixed,512,128,0,222.09112392738461,26.314785408853428,3564.3021957948804,128,35.91165758925066,168.13,42.032,47.373,1.313515625,0.7613156486052459,31.134,1.596,9.302,61.4,62.0,8,Phi-3-mini-Q4,llama.cpp,
2026-05-14T04:06:09.730896,GPU306_CPU2201,1300,2201,306,2201,medium_medium,mixed,512,128,1,28.34170195274055,26.286608440522837,3366.981978993863,128,38.01624148824508,152.919,43.691,47.373,1.1946796875,0.8370444483680902,32.439,1.596,9.656,61.4,61.7,7,Phi-3-mini-Q4,llama.cpp,
2026-05-14T04:06:13.914245,GPU306_CPU2201,1300,2201,306,2201,medium_medium,mixed,512,128,2,28.36917107924819,26.35907492138387,3376.204465981573,128,37.912395795254724,152.792,43.655,47.373,1.1936875,0.8377401958217707,32.331,1.654,9.67,61.7,62.1,7,Phi-3-mini-Q4,llama.cpp,
2026-05-14T04:06:18.215878,GPU306_CPU2201,1300,2201,306,2201,long_medium,mixed,1024,128,0,330.9257300570607,24.904697772306132,3494.0552241168916,128,36.63365109873199,169.299,42.325,48.474,1.3226484375,0.7560588071990975,31.288,1.597,9.44,61.8,62.1,8,Phi-3-mini-Q4,llama.cpp,
2026-05-14T04:06:22.218818,GPU306_CPU2201,1300,2201,306,2201,long_medium,mixed,1024,128,1,30.204981099814177,24.921165480403097,3195.429777028039,128,40.05720949344362,154.614,44.175,48.574,1.207921875,0.8278681102616839,32.622,1.654,9.9,62.0,62.6,7,Phi-3-mini-Q4,llama.cpp,
2026-05-14T04:06:26.218924,GPU306_CPU2201,1300,2201,306,2201,long_medium,mixed,1024,128,2,30.176226049661636,24.899152864694713,3192.6038209348917,128,40.09266641875963,154.514,44.147,48.474,1.207140625,0.8284038986758481,32.679,1.597,9.871,62.1,62.5,7,Phi-3-mini-Q4,llama.cpp,
2026-05-14T04:06:39.118898,GPU306_CPU2201,1300,2201,306,2201,long_long,mixed,1024,512,0,30.24715813808143,25.86999040858079,12086.897117085755,466,38.55414631942828,579.888,46.391,48.574,1.2443948497854078,0.8036034544601716,34.443,1.645,10.304,62.6,63.0,25,Phi-3-mini-Q4,llama.cpp,
2026-05-14T04:06:51.385307,GPU306_CPU2201,1300,2201,306,2201,long_long,mixed,1024,512,1,30.46266594901681,25.79331749784697,11458.283235086128,443,38.66198722017104,541.496,47.087,48.574,1.2223386004514671,0.8181039195118709,35.059,1.614,10.414,63.1,63.7,23,Phi-3-mini-Q4,llama.cpp,
2026-05-14T04:07:05.500341,GPU306_CPU2201,1300,2201,306,2201,long_long,mixed,1024,512,2,30.475128907710314,25.979001512896787,13306.640719994903,512,38.47702893418138,635.126,47.046,48.973,1.24048046875,0.8061392542582102,34.937,1.641,10.468,63.6,64.2,27,Phi-3-mini-Q4,llama.cpp,
2026-05-14T04:07:16.262238,GPU612_CPU1036,612,1036,612,1036,short_short,mixed,128,64,0,25.768324034288526,24.072997286797516,1542.6221080124378,64,41.487801625285655,79.21,39.605,46.175,1.23765625,0.8079787905567479,29.944,0.399,9.262,62.1,62.5,4,Phi-3-mini-Q4,llama.cpp,
2026-05-14T04:07:18.619043,GPU612_CPU1036,612,1036,612,1036,short_short,mixed,128,64,1,25.842914124950767,24.135239174707777,1546.616017119959,64,41.38066546031122,73.899,36.95,45.277,1.154671875,0.8660469018525284,27.744,0.399,8.806,62.2,62.5,4,Phi-3-mini-Q4,llama.cpp,
2026-05-14T04:07:20.973968,GPU612_CPU1036,612,1036,612,1036,short_short,mixed,128,64,2,26.153129059821367,24.095516810784975,1544.4231471046805,64,41.43942035573629,73.699,36.85,45.177,1.151546875,0.8683971288619927,27.744,0.399,8.706,62.1,62.3,4,Phi-3-mini-Q4,llama.cpp,
2026-05-14T04:07:28.253565,GPU612_CPU1036,612,1036,612,1036,short_long,mixed,128,256,0,25.811600033193827,25.261119722078245,6468.322194181383,256,39.577496654431705,287.434,44.221,46.676,1.1227890625,0.8906392423999944,33.838,0.43,9.953,62.7,63.0,13,Phi-3-mini-Q4,llama.cpp,
2026-05-14T04:07:35.553716,GPU612_CPU1036,612,1036,612,1036,short_long,mixed,128,256,1,29.64454796165228,25.327281572618613,6489.022861002013,256,39.451240268934626,286.98,44.151,46.676,1.121015625,0.8920482263572374,33.715,0.46,9.976,63.0,63.4,13,Phi-3-mini-Q4,llama.cpp,
2026-05-14T04:07:42.856303,GPU612_CPU1036,612,1036,612,1036,short_long,mixed,128,256,2,29.746735002845526,25.335355078363243,6491.175150964409,256,39.43815935423734,287.628,44.25,47.075,1.123546875,0.8900385219797795,33.807,0.491,9.953,63.2,63.6,13,Phi-3-mini-Q4,llama.cpp,
2026-05-14T04:07:47.294989,GPU612_CPU1036,612,1036,612,1036,medium_medium,mixed,512,128,0,226.50857898406684,26.778316739433276,3627.832937054336,128,35.282771346116945,163.6,40.9,45.676,1.278125,0.78239608801956,31.137,0.449,9.314,63.2,63.4,8,Phi-3-mini-Q4,llama.cpp,
2026-05-14T04:07:51.530480,GPU612_CPU1036,612,1036,612,1036,medium_medium,mixed,512,128,1,30.920020071789622,26.721132959525182,3424.981238087639,128,37.37246749750654,147.402,42.115,45.676,1.151578125,0.8683735634523277,32.046,0.456,9.613,63.3,63.7,7,Phi-3-mini-Q4,llama.cpp,
2026-05-14T04:07:55.763260,GPU612_CPU1036,612,1036,612,1036,medium_medium,mixed,512,128,2,30.3361089900136,26.70546067790605,3422.409730963409,128,37.400548169890804,147.694,42.198,46.175,1.153859375,0.8666567362248975,32.101,0.456,9.642,63.3,63.8,7,Phi-3-mini-Q4,llama.cpp,
2026-05-14T04:08:00.123947,GPU612_CPU1036,612,1036,612,1036,long_medium,mixed,1024,128,0,336.449438938871,25.30088319670497,3550.1847630366683,128,36.05446154033813,164.909,41.227,47.276,1.2883515625,0.7761856539060937,31.338,0.399,9.49,63.3,63.7,8,Phi-3-mini-Q4,llama.cpp,
2026-05-14T04:08:04.182459,GPU612_CPU1036,612,1036,612,1036,long_medium,mixed,1024,128,1,33.689333125948906,25.303809298569057,3247.7597570978105,128,39.411782143141174,150.543,43.012,46.877,1.1761171875,0.8502554087536451,32.728,0.399,9.885,63.4,63.7,7,Phi-3-mini-Q4,llama.cpp,
2026-05-14T04:08:08.247669,GPU612_CPU1036,612,1036,612,1036,long_medium,mixed,1024,128,2,34.160984912887216,25.31285781237319,3249.3838351219893,128,39.392083697983495,151.108,43.174,46.877,1.18053125,0.8470762633348333,32.787,0.456,9.931,63.4,63.8,7,Phi-3-mini-Q4,llama.cpp,
2026-05-14T04:08:22.781424,GPU612_CPU1036,612,1036,612,1036,long_long,mixed,1024,512,0,34.307598136365414,26.779288739520045,13720.432056114078,512,37.316609120326014,624.826,44.63,47.276,1.22036328125,0.8194281287910554,33.945,0.442,10.244,63.9,64.4,28,Phi-3-mini-Q4,llama.cpp,
2026-05-14T04:08:37.308190,GPU612_CPU1036,612,1036,612,1036,long_long,mixed,1024,512,1,34.26581108942628,26.76419760082318,13712.724999990314,512,37.33758242802664,625.665,44.69,46.977,1.222001953125,0.8183292976273245,33.944,0.456,10.29,64.3,64.6,28,Phi-3-mini-Q4,llama.cpp,
2026-05-14T04:08:51.828928,GPU612_CPU1036,612,1036,612,1036,long_long,mixed,1024,512,2,34.30895903147757,26.752984276088775,13707.140218932182,512,37.35279509965398,625.394,44.671,47.077,1.22147265625,0.8186839016683882,33.932,0.442,10.298,64.6,64.9,28,Phi-3-mini-Q4,llama.cpp,
2026-05-14T04:09:02.029505,GPU612_CPU1497,1300,1497,612,1497,short_short,mixed,128,64,0,25.36601386964321,23.937784364476563,1533.630563877523,64,41.73104103910588,80.252,40.126,46.675,1.2539375,0.7974879130738175,30.04,0.798,9.287,63.5,63.7,4,Phi-3-mini-Q4,llama.cpp,
2026-05-14T04:09:04.372862,GPU612_CPU1497,1300,1497,612,1497,short_short,mixed,128,64,1,25.834758998826146,23.95287980621178,1535.0446249358356,64,41.692599003547,75.254,37.627,46.175,1.17584375,0.8504531320594254,27.944,0.798,8.886,63.6,63.7,4,Phi-3-mini-Q4,llama.cpp,
2026-05-14T04:09:06.715045,GPU612_CPU1497,1300,1497,612,1497,short_short,mixed,128,64,2,25.412468006834388,23.940881207910557,1533.8666778989136,64,41.72461721879702,75.104,37.552,46.075,1.1735,0.8521516829995739,27.944,0.798,8.81,63.6,63.8,4,Phi-3-mini-Q4,llama.cpp,
2026-05-14T04:09:13.918494,GPU612_CPU1497,1300,1497,612,1497,short_long,mixed,128,256,0,25.425644125789404,24.97263468217616,6394.095188938081,256,40.036939150184274,292.776,45.042,47.574,1.14365625,0.8743886110883405,34.175,0.798,10.069,64.0,64.6,13,Phi-3-mini-Q4,llama.cpp,
2026-05-14T04:09:21.144763,GPU612_CPU1497,1300,1497,612,1497,short_long,mixed,128,256,1,28.359322110190988,25.05158275256262,6417.16440115124,256,39.89300943483286,292.378,44.981,47.575,1.1421015625,0.8755788739234827,34.083,0.829,10.069,64.3,64.7,13,Phi-3-mini-Q4,llama.cpp,
2026-05-14T04:09:28.376244,GPU612_CPU1497,1300,1497,612,1497,short_long,mixed,128,256,2,28.90773513354361,25.069722627271332,6422.334898030385,256,39.86089234905993,292.678,45.027,47.575,1.1432734375,0.8746813904700729,34.114,0.829,10.085,64.5,64.9,13,Phi-3-mini-Q4,llama.cpp,
2026-05-14T04:09:32.779128,GPU612_CPU1497,1300,1497,612,1497,medium_medium,mixed,512,128,0,223.98437396623194,26.5338162205908,3594.115428160876,128,35.61376994102222,165.25,41.313,46.276,1.291015625,0.7745839636913767,31.138,0.798,9.377,64.5,64.9,8,Phi-3-mini-Q4,llama.cpp,
2026-05-14T04:09:36.981664,GPU612_CPU1497,1300,1497,612,1497,medium_medium,mixed,512,128,1,29.002263909205794,26.489909323973684,3393.5592230409384,128,37.71851073967713,149.456,42.702,46.175,1.167625,0.8564393533882882,32.16,0.855,9.687,64.5,64.7,7,Phi-3-mini-Q4,llama.cpp,
2026-05-14T04:09:41.180370,GPU612_CPU1497,1300,1497,612,1497,medium_medium,mixed,512,128,2,28.998828027397394,26.463155409203857,3390.15573495999,128,37.75637758467477,149.911,42.832,46.574,1.1711796875,0.8538399450340536,32.332,0.798,9.701,64.5,64.9,7,Phi-3-mini-Q4,llama.cpp,
2026-05-14T04:09:45.503554,GPU612_CPU1497,1300,1497,612,1497,long_medium,mixed,1024,128,0,332.7739939559251,25.05011592192326,3514.4839419517666,128,36.420709872105796,166.613,41.653,47.876,1.3016640625,0.7682473756549609,31.288,0.798,9.567,64.5,64.8,8,Phi-3-mini-Q4,llama.cpp,
2026-05-14T04:09:49.524997,GPU612_CPU1497,1300,1497,612,1497,long_medium,mixed,1024,128,1,31.680390005931258,25.044192725015204,3212.6358200330287,128,39.842673483819915,152.32,43.52,47.775,1.19,0.8403361344537815,32.734,0.798,9.988,64.6,65.2,7,Phi-3-mini-Q4,llama.cpp,
2026-05-14T04:09:53.549519,GPU612_CPU1497,1300,1497,612,1497,long_medium,mixed,1024,128,2,31.883616000413895,25.06721884334885,3215.767394984141,128,39.80387393679363,152.263,43.504,47.775,1.1895546875,0.8406507161950046,32.789,0.798,9.917,64.6,64.9,7,Phi-3-mini-Q4,llama.cpp,
2026-05-14T04:10:07.837718,GPU612_CPU1497,1300,1497,612,1497,long_long,mixed,1024,512,0,31.893491046503186,26.310388720093144,13477.829235140234,512,37.98831333053855,622.573,46.117,47.876,1.215962890625,0.8223935185110822,34.818,0.828,10.471,65.0,65.4,27,Phi-3-mini-Q4,llama.cpp,
2026-05-14T04:10:19.305520,GPU612_CPU1497,1300,1497,612,1497,long_long,mixed,1024,512,1,31.802661018446088,25.97607171286226,10657.446404919028,409,38.37692299453862,500.492,45.499,47.776,1.2236968215158925,0.8171958792548132,34.331,0.816,10.352,65.4,65.7,22,Phi-3-mini-Q4,llama.cpp,
2026-05-14T04:10:33.588563,GPU612_CPU1497,1300,1497,612,1497,long_long,mixed,1024,512,2,31.772324116900563,26.300193966546782,13472.518034046516,512,38.00328926679634,623.473,46.183,47.876,1.217720703125,0.8212063714066207,34.862,0.828,10.493,65.7,66.0,27,Phi-3-mini-Q4,llama.cpp,
2026-05-14T04:10:43.766751,GPU612_CPU2201,1300,2201,612,2201,short_short,mixed,128,64,0,25.075812125578523,23.83296296650928,1526.6789789311588,64,41.92105929486692,81.998,40.999,47.874,1.28121875,0.7805068416302836,30.14,1.597,9.262,64.7,64.8,4,Phi-3-mini-Q4,llama.cpp,
2026-05-14T04:10:46.100174,GPU612_CPU2201,1300,2201,612,2201,short_short,mixed,128,64,1,25.15113609842956,23.82010145718971,1525.9450830053538,64,41.941221026088165,76.753,38.376,47.075,1.199265625,0.8338436282620875,27.844,1.597,8.936,64.8,65.2,4,Phi-3-mini-Q4,llama.cpp,
2026-05-14T04:10:48.430849,GPU612_CPU2201,1300,2201,612,2201,short_short,mixed,128,64,2,25.37593711167574,23.778749459851827,1523.5630760435015,64,42.00679381532389,76.952,38.476,47.474,1.202375,0.8316872855806217,27.943,1.597,8.936,64.9,65.0,4,Phi-3-mini-Q4,llama.cpp,
2026-05-14T04:10:55.572893,GPU612_CPU2201,1300,2201,612,2201,short_long,mixed,128,256,0,25.080630090087652,24.740675772887233,6334.405250148848,256,40.414212525159236,300.11,46.171,48.873,1.1723046875,0.8530205591283195,34.45,1.597,10.124,65.3,65.6,13,Phi-3-mini-Q4,llama.cpp,
2026-05-14T04:11:02.745694,GPU612_CPU2201,1300,2201,612,2201,short_long,mixed,128,256,1,27.76061394251883,24.850713352983195,6365.161841968074,256,40.21893022610815,299.62,46.095,48.474,1.170390625,0.8544155930845738,34.329,1.628,10.139,65.5,66.0,13,Phi-3-mini-Q4,llama.cpp,
2026-05-14T04:11:09.916177,GPU612_CPU2201,1300,2201,612,2201,short_long,mixed,128,256,2,27.839700924232602,24.84129170211507,6362.8153030294925,256,40.23376254189118,299.67,46.103,48.873,1.1705859375,0.8542730336703707,34.298,1.627,10.178,65.8,66.2,13,Phi-3-mini-Q4,llama.cpp,
2026-05-14T04:11:14.290952,GPU612_CPU2201,1300,2201,612,2201,medium_medium,mixed,512,128,0,221.93704708479345,26.341727456283266,3567.570455139503,128,35.878758838694,169.257,42.314,47.474,1.3223203125,0.7562464181688202,31.238,1.647,9.429,65.7,66.0,8,Phi-3-mini-Q4,llama.cpp,
2026-05-14T04:11:18.465861,GPU612_CPU2201,1300,2201,612,2201,medium_medium,mixed,512,128,1,28.342951089143753,26.291836181464863,3367.6415751688182,128,38.008795515473885,153.506,43.859,47.873,1.199265625,0.8338436282620875,32.446,1.654,9.759,65.7,66.2,7,Phi-3-mini-Q4,llama.cpp,
2026-05-14T04:11:22.640769,GPU612_CPU2201,1300,2201,612,2201,medium_medium,mixed,512,128,2,28.47452904097736,26.289949991087628,3367.538438877091,128,38.00995959609053,153.6,43.886,47.973,1.2,0.8333333333333334,32.445,1.654,9.787,65.7,66.0,7,Phi-3-mini-Q4,llama.cpp,
2026-05-14T04:11:26.941031,GPU612_CPU2201,1300,2201,612,2201,long_medium,mixed,1024,128,0,330.70601895451546,24.898436937965158,3493.055612081662,128,36.644134595875876,170.45,42.612,49.074,1.331640625,0.7509533587562336,31.436,1.597,9.58,65.8,66.0,8,Phi-3-mini-Q4,llama.cpp,
2026-05-14T04:11:30.943596,GPU612_CPU2201,1300,2201,612,2201,long_medium,mixed,1024,128,1,30.379989184439182,24.919723983722058,3195.4211960546672,128,40.05731706293976,155.866,44.533,48.775,1.217703125,0.8212182259120012,32.791,1.654,10.089,65.8,66.0,7,Phi-3-mini-Q4,llama.cpp,
2026-05-14T04:11:31.780439,GPU612_CPU2201,1300,2201,612,2201,long_medium,mixed,1024,128,2,30.22461594082415,30.22461594082415,30.22461594082415,0,0.0,8.045,16.09,16.09,0.0,0.0,9.185,1.597,5.308,65.3,65.3,1,Phi-3-mini-Q4,llama.cpp,
2026-05-14T04:11:32.617329,GPU612_CPU2201,1300,2201,612,2201,long_long,mixed,1024,512,0,30.384456971660256,30.384456971660256,30.384456971660256,0,0.0,6.946,13.893,13.893,0.0,0.0,6.789,1.996,5.108,64.8,64.8,1,Phi-3-mini-Q4,llama.cpp,
2026-05-14T04:11:46.750742,GPU612_CPU2201,1300,2201,612,2201,long_long,mixed,1024,512,1,27.917142026126385,26.01976871650863,13324.94166214019,512,38.42418323336696,636.018,47.112,49.074,1.24222265625,0.8050086632768254,34.907,1.671,10.535,66.1,67.0,27,Phi-3-mini-Q4,llama.cpp,
2026-05-14T04:11:56.371622,GPU612_CPU2201,1300,2201,612,2201,long_long,mixed,1024,512,2,30.550760915502906,25.451968514717855,8813.037262996659,345,39.14654956113179,425.164,47.24,49.174,1.2323594202898551,0.8114515810369646,35.061,1.663,10.516,66.4,66.8,18,Phi-3-mini-Q4,llama.cpp,
2026-05-14T04:12:07.150753,GPU918_CPU1036,918,1036,918,1036,short_short,mixed,128,64,0,26.721853064373136,24.125965918222118,1546.910798875615,64,41.3727798955951,79.561,39.78,46.276,1.243140625,0.8044142230489812,30.044,0.399,9.338,64.6,64.8,4,Phi-3-mini-Q4,llama.cpp,
2026-05-14T04:12:09.508127,GPU918_CPU1036,918,1036,918,1036,short_short,mixed,128,64,1,26.068685110658407,24.140403443385683,1547.1774991601706,64,41.365648113897784,74.558,37.279,45.776,1.16496875,0.8583921242522599,27.744,0.599,8.936,64.7,64.8,4,Phi-3-mini-Q4,llama.cpp,
2026-05-14T04:12:11.862679,GPU918_CPU1036,918,1036,918,1036,short_short,mixed,128,64,2,25.920134037733078,24.09882638012133,1544.4010489154607,64,41.44001329508506,74.307,37.154,45.776,1.161046875,0.8612916683488769,27.844,0.399,8.911,64.7,64.9,4,Phi-3-mini-Q4,llama.cpp,
2026-05-14T04:12:19.142681,GPU918_CPU1036,918,1036,918,1036,short_long,mixed,128,256,0,25.870975805446506,25.261099588162466,6468.362425919622,256,39.57725049143391,288.536,44.39,46.776,1.12709375,0.8872376410569218,33.899,0.43,10.062,65.2,65.6,13,Phi-3-mini-Q4,llama.cpp,
2026-05-14T04:12:26.455867,GPU918_CPU1036,918,1036,918,1036,short_long,mixed,128,256,1,29.53960094600916,25.37509740019838,6501.136428909376,256,39.377730770517964,301.774,43.111,46.877,1.1788046875,0.8483169524213484,32.788,0.456,9.866,65.4,65.7,14,Phi-3-mini-Q4,llama.cpp,
2026-05-14T04:12:33.762006,GPU918_CPU1036,918,1036,918,1036,short_long,mixed,128,256,2,29.548163060098886,25.349986568714183,6494.721472961828,256,39.41662488002811,288.329,44.358,47.175,1.12628515625,0.8878746154566485,33.898,0.43,10.031,65.5,65.9,13,Phi-3-mini-Q4,llama.cpp,
2026-05-14T04:12:38.194277,GPU918_CPU1036,918,1036,918,1036,medium_medium,mixed,512,128,0,286.26640886068344,35.85817502130584,3621.5505809523165,94,25.95573302065601,164.612,41.153,45.877,1.751191489361702,0.5710397783879668,31.188,0.499,9.467,65.5,65.9,8,Phi-3-mini-Q4,llama.cpp,
2026-05-14T04:12:42.444592,GPU918_CPU1036,918,1036,918,1036,medium_medium,mixed,512,128,1,82.83738186582923,67.12529581971467,3439.5630760118365,51,14.827464672964902,148.01,42.289,45.877,2.9021568627450978,0.3445713127491386,32.103,0.456,9.73,65.5,65.6,7,Phi-3-mini-Q4,llama.cpp,
2026-05-14T04:12:46.677023,GPU918_CPU1036,918,1036,918,1036,medium_medium,mixed,512,128,2,30.07482597604394,26.704319118426774,3421.998049132526,128,37.4050476248658,148.21,42.346,46.276,1.157890625,0.8636394305377505,32.103,0.513,9.73,65.5,65.9,7,Phi-3-mini-Q4,llama.cpp,
2026-05-14T04:12:47.822714,GPU918_CPU1036,918,1036,918,1036,long_medium,mixed,1024,128,0,336.31653781048954,336.31653781048954,336.31653781048954,0,0.0,12.388,24.775,24.775,0.0,0.0,17.956,0.399,6.42,64.9,64.9,1,Phi-3-mini-Q4,llama.cpp,
2026-05-14T04:12:51.880869,GPU918_CPU1036,918,1036,918,1036,long_medium,mixed,1024,128,1,34.30738998576999,25.29893760518061,3247.7606979664415,128,39.411770725640636,149.962,42.846,47.376,1.171578125,0.8535495658900255,32.445,0.456,9.945,65.3,65.6,7,Phi-3-mini-Q4,llama.cpp,
2026-05-14T04:12:55.938999,GPU918_CPU1036,918,1036,918,1036,long_medium,mixed,1024,128,2,34.317204961553216,25.29471232299143,3247.2366211004555,128,39.418131456223264,151.304,43.23,46.977,1.1820625,0.8459789562734626,32.785,0.399,10.046,65.5,65.6,7,Phi-3-mini-Q4,llama.cpp,
2026-05-14T04:13:10.449503,GPU918_CPU1036,918,1036,918,1036,long_long,mixed,1024,512,0,34.0195270255208,26.73418512713682,13697.097305208445,512,37.38018271983126,627.799,44.843,47.078,1.226169921875,0.8155476513979794,34.017,0.442,10.384,65.9,66.2,28,Phi-3-mini-Q4,llama.cpp,
2026-05-14T04:13:23.977283,GPU918_CPU1036,918,1036,918,1036,long_long,mixed,1024,512,1,33.82759005762637,26.636560096552497,12714.487528894097,476,37.437607997827214,583.466,44.882,46.977,1.2257689075630251,0.8158144604827017,34.054,0.46,10.367,66.1,66.4,26,Phi-3-mini-Q4,llama.cpp,
2026-05-14T04:13:27.699547,GPU918_CPU1036,918,1036,918,1036,long_long,mixed,1024,512,2,33.87719299644232,25.236390257023473,2911.691823042929,114,39.152495156874714,127.772,42.591,46.977,1.1208070175438598,0.8922142566446483,32.264,0.399,9.928,66.0,66.4,6,Phi-3-mini-Q4,llama.cpp,
2026-05-14T04:13:37.901927,GPU918_CPU1497,1300,1497,918,1497,short_short,mixed,128,64,0,25.92034009285271,23.924843031203462,1533.3814220502973,64,41.7378214445986,80.246,40.123,46.675,1.25384375,0.7975475413104703,30.038,0.798,9.287,64.9,65.3,4,Phi-3-mini-Q4,llama.cpp,
2026-05-14T04:13:40.242916,GPU918_CPU1497,1300,1497,918,1497,short_short,mixed,128,64,1,25.395208969712257,23.92120539609875,1532.6073749456555,64,41.75890123344171,75.298,37.649,46.161,1.17653125,0.8499561741347712,27.94,0.798,8.911,65.0,65.2,4,Phi-3-mini-Q4,llama.cpp,
2026-05-14T04:13:42.583219,GPU918_CPU1497,1300,1497,918,1497,short_short,mixed,128,64,2,25.605799863114953,23.90573325655645,1531.8458129186183,64,41.77966180425242,75.348,37.674,46.262,1.1773125,0.8493921537399799,27.94,0.798,8.936,65.0,65.2,4,Phi-3-mini-Q4,llama.cpp,
2026-05-14T04:13:49.784939,GPU918_CPU1497,1300,1497,918,1497,short_long,mixed,128,256,0,25.604133028537035,24.96596470237801,6392.567475093529,256,40.04650729107158,293.464,45.148,47.675,1.14634375,0.8723386854946433,34.234,0.798,10.116,65.5,65.9,13,Phi-3-mini-Q4,llama.cpp,
2026-05-14T04:13:57.012459,GPU918_CPU1497,1300,1497,918,1497,short_long,mixed,128,256,1,28.780699940398335,25.054313689835517,6418.281833874062,256,39.88606400063285,292.614,45.018,47.66,1.1430234375,0.8748726991873254,34.111,0.798,10.108,65.7,66.1,13,Phi-3-mini-Q4,llama.cpp,
2026-05-14T04:14:04.234997,GPU918_CPU1497,1300,1497,918,1497,short_long,mixed,128,256,2,28.392715845257044,25.035965628008924,6413.286774884909,256,39.917129700565134,293.324,45.127,47.675,1.145796875,0.8727550422058883,34.174,0.798,10.155,65.8,66.1,13,Phi-3-mini-Q4,llama.cpp,
2026-05-14T04:14:08.630322,GPU918_CPU1497,1300,1497,918,1497,medium_medium,mixed,512,128,0,223.65952096879482,26.4791673632324,3586.8774910923094,128,35.68563473881575,166.307,41.577,46.675,1.2992734375,0.7696609282832353,31.337,0.798,9.442,65.7,66.1,8,Phi-3-mini-Q4,llama.cpp,
2026-05-14T04:14:10.100048,GPU918_CPU1497,1300,1497,918,1497,medium_medium,mixed,512,128,1,29.570117825642228,26.338347223708812,661.6575159132481,24,36.27254194622753,32.479,32.479,36.693,1.3532916666666666,0.7389390067428184,23.556,0.798,8.126,65.3,65.4,2,Phi-3-mini-Q4,llama.cpp,
2026-05-14T04:14:14.295394,GPU918_CPU1497,1300,1497,918,1497,medium_medium,mixed,512,128,2,29.14374298416078,26.434968181658448,3386.7224969435483,128,37.79465253368634,149.386,42.682,46.661,1.167078125,0.8568406678001955,32.154,0.798,9.73,65.5,65.7,7,Phi-3-mini-Q4,llama.cpp,
2026-05-14T04:14:18.617269,GPU918_CPU1497,1300,1497,918,1497,long_medium,mixed,1024,128,0,332.8966340050101,25.040071661122084,3513.3329711388797,128,36.43264132704951,167.338,41.834,47.876,1.307328125,0.7649189066440378,31.431,0.798,9.605,65.6,66.0,8,Phi-3-mini-Q4,llama.cpp,
2026-05-14T04:14:22.641956,GPU918_CPU1497,1300,1497,918,1497,long_medium,mixed,1024,128,1,31.886314041912556,25.070227715590104,3216.145460959524,128,39.7991948914561,152.664,43.618,47.876,1.1926875,0.8384425928837186,32.789,0.798,10.031,65.7,66.1,7,Phi-3-mini-Q4,llama.cpp,
2026-05-14T04:14:26.666928,GPU918_CPU1497,1300,1497,918,1497,long_medium,mixed,1024,128,2,31.951267970725894,25.073211260623935,3216.58878098242,128,39.79370964569051,152.642,43.612,47.861,1.192515625,0.8385634360136791,32.783,0.798,10.031,65.8,66.0,7,Phi-3-mini-Q4,llama.cpp,
2026-05-14T04:14:40.567798,GPU918_CPU1497,1300,1497,918,1497,long_long,mixed,1024,512,0,32.1074859239161,26.270444284290857,13090.311503969133,497,37.967010933949425,614.957,45.552,48.26,1.237338028169014,0.8081865886557922,34.299,0.828,10.426,66.1,66.5,27,Phi-3-mini-Q4,llama.cpp,
2026-05-14T04:14:41.407186,GPU918_CPU1497,1300,1497,918,1497,long_long,mixed,1024,512,1,31.835460104048252,31.835460104048252,31.835460104048252,0,0.0,7.5,15.0,15.0,0.0,0.0,8.785,0.798,5.417,65.5,65.5,1,Phi-3-mini-Q4,llama.cpp,
2026-05-14T04:14:55.691242,GPU918_CPU1497,1300,1497,918,1497,long_long,mixed,1024,512,2,32.228773925453424,26.30156415073591,13473.644864978269,512,38.00011096706502,621.911,46.067,48.276,1.214669921875,0.8232689243316167,34.724,0.828,10.516,66.3,66.7,27,Phi-3-mini-Q4,llama.cpp,
2026-05-14T04:15:05.868311,GPU918_CPU2201,1300,2201,918,2201,short_short,mixed,128,64,0,24.990030098706484,23.814703382196882,1525.4417841788381,64,41.95505896310025,82.136,41.068,47.958,1.283375,0.7791954806662121,30.134,1.596,9.338,65.5,65.7,4,Phi-3-mini-Q4,llama.cpp,
2026-05-14T04:15:08.200879,GPU918_CPU2201,1300,2201,918,2201,short_short,mixed,128,64,1,25.15281201340258,23.812028302234552,1525.4350760951638,64,41.95524346000248,76.744,38.372,47.06,1.199125,0.833941415615553,27.84,1.596,8.936,65.5,65.9,4,Phi-3-mini-Q4,llama.cpp,
2026-05-14T04:15:10.531502,GPU918_CPU2201,1300,2201,918,2201,short_short,mixed,128,64,2,25.243945885449648,23.78337322512553,1523.721579927951,64,42.002424093137954,76.844,38.422,47.358,1.2006875,0.8328561761490814,27.94,1.596,8.886,65.5,65.8,4,Phi-3-mini-Q4,llama.cpp,
2026-05-14T04:15:16.955966,GPU918_CPU2201,1300,2201,918,2201,short_long,mixed,128,256,0,25.568617042154074,24.514501189222223,5616.898986976594,228,40.591792825301546,272.071,45.345,48.957,1.193293859649123,0.838016547151295,33.654,1.663,10.028,65.9,66.3,12,Phi-3-mini-Q4,llama.cpp,
2026-05-14T04:15:24.130776,GPU918_CPU2201,1300,2201,918,2201,short_long,mixed,128,256,1,27.752398047596216,24.856926635017288,6366.709524998441,256,40.20915340881091,300.33,46.205,48.474,1.1731640625,0.8523956980654613,34.323,1.719,10.163,66.2,66.6,13,Phi-3-mini-Q4,llama.cpp,
2026-05-14T04:15:31.305408,GPU918_CPU2201,1300,2201,918,2201,short_long,mixed,128,256,2,28.41917611658573,24.855808952969372,6367.111229104921,256,40.20661659400414,299.916,46.141,48.858,1.171546875,0.8535723335867377,34.321,1.627,10.193,66.4,66.8,13,Phi-3-mini-Q4,llama.cpp,
2026-05-14T04:15:35.684959,GPU918_CPU2201,1300,2201,918,2201,medium_medium,mixed,512,128,0,222.14162489399314,26.376600094931568,3572.202029870823,128,35.832239870438876,169.086,42.272,47.473,1.320984375,0.7570112250570715,31.184,1.646,9.442,66.3,66.6,8,Phi-3-mini-Q4,llama.cpp,
2026-05-14T04:15:39.862671,GPU918_CPU2201,1300,2201,918,2201,medium_medium,mixed,512,128,1,28.39874499477446,26.31580326742837,3370.749345049262,128,37.97375209402565,153.67,43.906,47.559,1.200546875,0.8329537320231666,32.437,1.653,9.816,66.3,66.5,7,Phi-3-mini-Q4,llama.cpp,
2026-05-14T04:15:44.039532,GPU918_CPU2201,1300,2201,918,2201,medium_medium,mixed,512,128,2,28.551443945616484,26.30535189766349,3369.5653760805726,128,37.98709498519588,153.713,43.918,47.559,1.2008828125,0.8327207197829722,32.435,1.653,9.83,66.3,66.6,7,Phi-3-mini-Q4,llama.cpp,
2026-05-14T04:15:45.177111,GPU918_CPU2201,1300,2201,918,2201,long_medium,mixed,1024,128,0,330.58628090657294,330.58628090657294,330.58628090657294,0,0.0,12.982,25.965,25.965,0.0,0.0,17.949,1.596,6.42,65.8,65.8,1,Phi-3-mini-Q4,llama.cpp,
2026-05-14T04:15:49.175335,GPU918_CPU2201,1300,2201,918,2201,long_medium,mixed,1024,128,1,30.441205948591232,24.88345006392814,3190.878501161933,128,40.11434467134672,153.963,43.989,49.074,1.2028359375,0.8313685755668571,32.391,1.653,9.945,66.2,66.6,7,Phi-3-mini-Q4,llama.cpp,
2026-05-14T04:15:53.179022,GPU918_CPU2201,1300,2201,918,2201,long_medium,mixed,1024,128,2,30.227470910176635,24.928380181558254,3196.369386976585,128,40.045434210929535,155.738,44.497,49.159,1.216703125,0.8218931795708176,32.783,1.653,10.06,66.3,66.9,7,Phi-3-mini-Q4,llama.cpp,
2026-05-14T04:16:06.724155,GPU918_CPU2201,1300,2201,918,2201,long_long,mixed,1024,512,0,30.28378589078784,25.923937352008522,12734.192553907633,490,38.479078899245785,613.244,47.173,49.174,1.2515183673469388,0.7990294238508652,34.973,1.643,10.557,66.7,67.1,26,Phi-3-mini-Q4,llama.cpp,
2026-05-14T04:16:20.850961,GPU918_CPU2201,1300,2201,918,2201,long_long,mixed,1024,512,1,30.36824706941843,26.002028745593623,13318.32122686319,512,38.443283599984866,638.992,47.333,49.159,1.24803125,0.8012619876305181,35.065,1.641,10.627,67.0,67.4,27,Phi-3-mini-Q4,llama.cpp,
2026-05-14T04:16:21.687793,GPU918_CPU2201,1300,2201,918,2201,long_long,mixed,1024,512,2,30.2774750161916,30.2774750161916,30.2774750161916,0,0.0,8.1,16.199,16.199,0.0,0.0,9.185,1.597,5.417,66.2,66.2,1,Phi-3-mini-Q4,llama.cpp,
2026-05-14T04:16:32.446725,GPU1300_CPU1036,1300,1036,1300,1036,short_short,mixed,128,64,0,25.79521108418703,24.085106808573954,1543.4095489326864,64,41.466634727158386,79.748,39.874,46.276,1.2460625,0.8025279630837137,30.138,0.399,9.338,65.3,65.6,4,Phi-3-mini-Q4,llama.cpp,
2026-05-14T04:16:34.805085,GPU1300_CPU1036,1300,1036,1300,1036,short_short,mixed,128,64,1,25.866921059787273,24.158875173371698,1548.1341700069606,64,41.340086175936705,74.75,37.375,45.762,1.16796875,0.8561872909698997,27.84,0.598,8.936,65.3,65.6,4,Phi-3-mini-Q4,llama.cpp,
2026-05-14T04:16:37.159990,GPU1300_CPU1036,1300,1036,1300,1036,short_short,mixed,128,64,2,25.901957880705595,24.107543555724007,1544.930738862604,64,41.425805306403284,74.108,37.054,45.377,1.1579375,0.8636044691531278,27.744,0.399,8.911,65.3,65.5,4,Phi-3-mini-Q4,llama.cpp,
2026-05-14T04:16:44.442577,GPU1300_CPU1036,1300,1036,1300,1036,short_long,mixed,128,256,0,26.14729991182685,25.271174364595435,6471.236092969775,256,39.55967551208855,289.022,44.465,47.175,1.1289921875,0.8857457217789649,33.897,0.491,10.077,65.8,66.2,13,Phi-3-mini-Q4,llama.cpp,
2026-05-14T04:16:51.746524,GPU1300_CPU1036,1300,1036,1300,1036,short_long,mixed,128,256,1,29.327747179195285,25.342572340741754,6492.602928075939,256,39.429486576636336,288.03,44.312,47.075,1.1251171875,0.8887963059403535,33.806,0.46,10.046,66.0,66.3,13,Phi-3-mini-Q4,llama.cpp,
2026-05-14T04:16:59.046636,GPU1300_CPU1036,1300,1036,1300,1036,short_long,mixed,128,256,2,29.28213798440993,25.327266275188794,6488.655135035515,256,39.45347605511151,288.88,44.443,47.175,1.1284375,0.8861811132650236,33.929,0.43,10.085,66.1,66.4,13,Phi-3-mini-Q4,llama.cpp,
2026-05-14T04:17:03.481534,GPU1300_CPU1036,1300,1036,1300,1036,medium_medium,mixed,512,128,0,226.41500504687428,26.747575724556103,3623.840451007709,128,35.321643358886305,164.504,41.126,45.877,1.2851875,0.7780965812381462,31.236,0.449,9.441,66.0,66.3,8,Phi-3-mini-Q4,llama.cpp,
2026-05-14T04:17:07.712940,GPU1300_CPU1036,1300,1036,1300,1036,medium_medium,mixed,512,128,1,30.558734899386764,26.691124803848624,3420.812705066055,128,37.41800882884886,147.974,42.278,45.863,1.156046875,0.8650168272804682,32.093,0.456,9.73,66.0,66.3,7,Phi-3-mini-Q4,llama.cpp,
2026-05-14T04:17:08.552255,GPU1300_CPU1036,1300,1036,1300,1036,medium_medium,mixed,512,128,2,30.22221615538001,30.22221615538001,30.22221615538001,0,0.0,7.446,14.892,14.892,0.0,0.0,9.185,0.399,5.308,65.3,65.3,1,Phi-3-mini-Q4,llama.cpp,
2026-05-14T04:17:12.914821,GPU1300_CPU1036,1300,1036,1300,1036,long_medium,mixed,1024,128,0,336.792757967487,25.314211882064193,3552.189346868545,128,36.034115161355125,164.152,41.038,47.477,1.2824375,0.7797650957649009,31.034,0.449,9.555,65.7,66.2,8,Phi-3-mini-Q4,llama.cpp,
2026-05-14T04:17:16.974559,GPU1300_CPU1036,1300,1036,1300,1036,long_medium,mixed,1024,128,1,33.772357972338796,25.314277864801955,3249.174350872636,128,39.39462342660154,151.954,43.416,47.477,1.187140625,0.8423601879516169,32.785,0.513,10.118,65.9,66.1,7,Phi-3-mini-Q4,llama.cpp,
2026-05-14T04:17:21.039417,GPU1300_CPU1036,1300,1036,1300,1036,long_medium,mixed,1024,128,2,33.94297696650028,25.3536043794987,3254.338253987953,128,39.332113016569615,151.396,43.256,46.977,1.18278125,0.8454648735765807,32.84,0.399,10.017,65.9,66.2,7,Phi-3-mini-Q4,llama.cpp,
2026-05-14T04:17:35.301921,GPU1300_CPU1036,1300,1036,1300,1036,long_long,mixed,1024,512,0,34.32569210417569,26.719900289134024,13449.327585985884,502,37.32528610003379,611.853,45.322,47.078,1.2188306772908366,0.8204585088248322,34.419,0.443,10.46,66.3,66.6,27,Phi-3-mini-Q4,llama.cpp,
2026-05-14T04:17:48.915905,GPU1300_CPU1036,1300,1036,1300,1036,long_long,mixed,1024,512,1,34.17472913861275,26.649239382932596,12800.82350014709,479,37.41946758304229,586.918,45.148,47.078,1.2252985386221293,0.8161276362285702,34.254,0.46,10.433,66.6,66.8,26,Phi-3-mini-Q4,llama.cpp,
2026-05-14T04:18:03.438723,GPU1300_CPU1036,1300,1036,1300,1036,long_long,mixed,1024,512,2,33.95276004448533,26.758497009516752,13709.485658910125,512,37.346404725784794,629.098,44.936,47.477,1.22870703125,0.8138636587622279,34.046,0.484,10.405,66.7,67.1,28,Phi-3-mini-Q4,llama.cpp,
2026-05-14T04:18:13.637156,GPU1300_CPU1497,1300,1497,1300,1497,short_short,mixed,128,64,0,25.395493023097515,23.906833444175028,1531.7062879912555,64,41.78346756278732,80.71,40.355,47.175,1.26109375,0.7929624581836204,30.14,0.798,9.416,65.7,65.9,4,Phi-3-mini-Q4,llama.cpp,
2026-05-14T04:18:15.980671,GPU1300_CPU1497,1300,1497,1300,1497,short_short,mixed,128,64,1,25.714082876220345,23.957872859364937,1535.2385370060802,64,41.6873329175338,75.356,37.678,46.276,1.1774375,0.8493019799352408,27.944,0.798,8.936,65.6,65.8,4,Phi-3-mini-Q4,llama.cpp,
2026-05-14T04:18:18.322044,GPU1300_CPU1497,1300,1497,1300,1497,short_short,mixed,128,64,2,25.377216981723905,23.93280076129096,1533.322000876069,64,41.73943891983117,75.448,37.724,46.362,1.178875,0.8482663556356697,27.94,0.798,8.986,65.6,65.8,4,Phi-3-mini-Q4,llama.cpp,
2026-05-14T04:18:25.529077,GPU1300_CPU1497,1300,1497,1300,1497,short_long,mixed,128,256,0,25.440286844968796,24.987088918101552,6397.795703960583,256,40.013781596921284,294.18,45.258,47.675,1.149140625,0.8702155143109661,34.267,0.798,10.193,66.1,66.5,13,Phi-3-mini-Q4,llama.cpp,
2026-05-14T04:18:32.750249,GPU1300_CPU1497,1300,1497,1300,1497,short_long,mixed,128,256,1,28.368148021399975,25.031829929417547,6412.132811034098,256,39.92431341401276,292.878,45.058,47.574,1.1440546875,0.8740840896209343,34.175,0.798,10.085,66.3,66.6,13,Phi-3-mini-Q4,llama.cpp,
2026-05-14T04:18:39.979161,GPU1300_CPU1497,1300,1497,1300,1497,short_long,mixed,128,256,2,28.3747639041394,25.06174536914948,6419.783832039684,256,39.876732098417726,293.682,45.182,47.675,1.1471953125,0.8716911489297947,34.175,0.86,10.147,66.4,66.6,13,Phi-3-mini-Q4,llama.cpp,
2026-05-14T04:18:44.378235,GPU1300_CPU1497,1300,1497,1300,1497,medium_medium,mixed,512,128,0,223.7037350423634,26.505091117592308,3590.189185924828,128,35.65271727234268,165.819,41.455,46.775,1.2954609375,0.7719260157159313,31.19,0.798,9.467,66.3,66.7,8,Phi-3-mini-Q4,llama.cpp,
2026-05-14T04:18:48.578041,GPU1300_CPU1497,1300,1497,1300,1497,medium_medium,mixed,512,128,1,29.264384880661964,26.469535504167123,3391.2600008770823,128,37.744083310302166,150.566,43.019,46.775,1.176296875,0.8501255263472497,32.391,0.798,9.83,66.4,66.7,7,Phi-3-mini-Q4,llama.cpp,
2026-05-14T04:18:52.776029,GPU1300_CPU1497,1300,1497,1300,1497,medium_medium,mixed,512,128,2,29.020476853474975,26.456676425382962,3389.3585419282317,128,37.76525806183368,150.606,43.03,46.675,1.176609375,0.8498997383902368,32.388,0.855,9.787,66.3,66.5,7,Phi-3-mini-Q4,llama.cpp,
2026-05-14T04:18:57.101423,GPU1300_CPU1497,1300,1497,1300,1497,long_medium,mixed,1024,128,0,333.15280894748867,25.059265385227878,3516.0276398528367,128,36.404719504809535,167.363,41.841,48.275,1.3075234375,0.7648046461882256,31.438,0.798,9.605,66.3,66.7,8,Phi-3-mini-Q4,llama.cpp,
2026-05-14T04:19:01.129376,GPU1300_CPU1497,1300,1497,1300,1497,long_medium,mixed,1024,128,1,31.949933152645826,25.093453157121154,3219.1580990329385,128,39.76194895132745,153.166,43.762,48.276,1.196609375,0.8356946058524738,32.846,0.855,10.06,66.4,66.6,7,Phi-3-mini-Q4,llama.cpp,
2026-05-14T04:19:05.150559,GPU1300_CPU1497,1300,1497,1300,1497,long_medium,mixed,1024,128,2,31.691528856754303,25.044387252268006,3212.6719090156257,128,39.84222591818274,152.75,43.643,47.876,1.193359375,0.8379705400981997,32.785,0.798,10.06,66.4,66.8,7,Phi-3-mini-Q4,llama.cpp,
2026-05-14T04:19:19.434259,GPU1300_CPU1497,1300,1497,1300,1497,long_long,mixed,1024,512,0,31.943460926413536,26.301043598826997,13473.081439966336,512,38.0017000774011,624.184,46.236,47.976,1.219109375,0.8202709457467671,34.874,0.813,10.549,66.8,67.2,27,Phi-3-mini-Q4,llama.cpp,
2026-05-14T04:19:33.575410,GPU1300_CPU1497,1300,1497,1300,1497,long_long,mixed,1024,512,1,32.115669921040535,26.278785018176578,13330.66843310371,506,37.9575864885712,624.022,46.224,47.976,1.2332450592885376,0.8108688475726816,34.843,0.813,10.568,67.0,67.4,27,Phi-3-mini-Q4,llama.cpp,
2026-05-14T04:19:45.128429,GPU1300_CPU1497,1300,1497,1300,1497,long_long,mixed,1024,512,2,31.886536860838532,25.994432635192926,10743.124414002523,412,38.35010971882646,506.063,46.006,47.976,1.2283082524271844,0.8141278852632973,34.636,0.816,10.554,67.2,67.6,22,Phi-3-mini-Q4,llama.cpp,
2026-05-14T04:19:55.304498,GPU1300_CPU2201,1300,2201,1300,2201,short_short,mixed,128,64,0,24.975955951958895,23.812736077825466,1525.3028408624232,64,41.95888074515989,82.545,41.272,48.075,1.289765625,0.7753346659397904,30.238,1.597,9.438,66.1,66.2,4,Phi-3-mini-Q4,llama.cpp,
2026-05-14T04:19:57.636798,GPU1300_CPU2201,1300,2201,1300,2201,short_short,mixed,128,64,1,25.0878578517586,23.811997476196478,1525.3783869557083,64,41.956802684040085,77.502,38.751,47.573,1.21096875,0.8257851410286187,28.043,1.696,9.011,66.2,66.6,4,Phi-3-mini-Q4,llama.cpp,
2026-05-14T04:19:59.967270,GPU1300_CPU2201,1300,2201,1300,2201,short_short,mixed,128,64,2,25.306991999968886,23.780378428036496,1523.5980008728802,64,42.00583091034114,77.094,38.547,47.559,1.20459375,0.8301553947129479,27.94,1.596,9.011,66.1,66.3,4,Phi-3-mini-Q4,llama.cpp,
2026-05-14T04:20:07.116183,GPU1300_CPU2201,1300,2201,1300,2201,short_long,mixed,128,256,0,25.0864471308887,24.767963584585516,6341.352774994448,256,40.369935104300225,301.46,46.378,48.973,1.177578125,0.8492005572878658,34.573,1.597,10.209,66.6,67.0,13,Phi-3-mini-Q4,llama.cpp,
2026-05-14T04:20:14.287807,GPU1300_CPU2201,1300,2201,1300,2201,short_long,mixed,128,256,1,27.759422082453966,24.845257172287972,6363.809630041942,256,40.22747613182652,300.462,46.225,48.574,1.1736796875,0.8520212206535269,34.358,1.627,10.24,66.8,67.1,13,Phi-3-mini-Q4,llama.cpp,
2026-05-14T04:20:21.453048,GPU1300_CPU2201,1300,2201,1300,2201,short_long,mixed,128,256,2,27.812311192974448,24.821161999202825,6357.651115162298,256,40.26644359100929,299.966,46.149,48.973,1.1717421875,0.8534300554062794,34.352,1.627,10.17,67.0,67.5,13,Phi-3-mini-Q4,llama.cpp,
2026-05-14T04:20:25.829295,GPU1300_CPU2201,1300,2201,1300,2201,medium_medium,mixed,512,128,0,222.18846692703664,26.35127646430564,3569.0457290038466,128,35.86392826514049,169.54,42.385,47.675,1.32453125,0.7549840745546774,31.234,1.647,9.504,66.9,67.1,8,Phi-3-mini-Q4,llama.cpp,
2026-05-14T04:20:30.007705,GPU1300_CPU2201,1300,2201,1300,2201,medium_medium,mixed,512,128,1,28.419468086212873,26.31935654171398,3371.2055240757763,128,37.968613626750475,153.52,43.863,47.573,1.199375,0.8337675872850442,32.437,1.596,9.83,66.9,67.1,7,Phi-3-mini-Q4,llama.cpp,
2026-05-14T04:20:34.210976,GPU1300_CPU2201,1300,2201,1300,2201,medium_medium,mixed,512,128,2,80.77358501031995,39.46699584568186,3396.2301299907267,85,25.02775040165847,153.636,43.896,47.959,1.8074823529411763,0.5532557473508813,32.441,1.654,9.802,66.8,67.1,7,Phi-3-mini-Q4,llama.cpp,
2026-05-14T04:20:38.509759,GPU1300_CPU2201,1300,2201,1300,2201,long_medium,mixed,1024,128,0,330.71198989637196,24.885722866839195,3491.443592822179,128,36.661053400131244,170.951,42.738,49.174,1.3355546875,0.7487525665249106,31.436,1.647,9.655,66.9,67.1,8,Phi-3-mini-Q4,llama.cpp,
2026-05-14T04:20:42.509148,GPU1300_CPU2201,1300,2201,1300,2201,long_medium,mixed,1024,128,1,30.309527181088924,24.89318451147497,3192.0206940267235,128,40.09999065467474,155.672,44.478,48.775,1.2161875,0.8222416362608562,32.792,1.597,10.089,66.9,67.4,7,Phi-3-mini-Q4,llama.cpp,
2026-05-14T04:20:46.516038,GPU1300_CPU2201,1300,2201,1300,2201,long_medium,mixed,1024,128,2,30.278773047029972,24.951138850814832,3199.3139490950853,128,40.00857747524414,155.744,44.498,48.675,1.21675,0.8218615163344977,32.784,1.653,10.06,66.9,67.2,7,Phi-3-mini-Q4,llama.cpp,
2026-05-14T04:21:00.645842,GPU1300_CPU2201,1300,2201,1300,2201,long_long,mixed,1024,512,0,30.371825210750103,26.00809046178473,13321.418590145186,512,38.43434515140627,639.422,47.365,49.174,1.24887109375,0.8007231530976413,35.082,1.67,10.613,67.4,68.2,27,Phi-3-mini-Q4,llama.cpp,
2026-05-14T04:21:14.766111,GPU1300_CPU2201,1300,2201,1300,2201,long_long,mixed,1024,512,1,30.331942019984126,25.98935292774917,13311.791090061888,512,38.46214206157735,638.9,47.326,49.174,1.2478515625,0.8013773673501331,35.068,1.641,10.616,67.6,67.9,27,Phi-3-mini-Q4,llama.cpp,
2026-05-14T04:21:15.603210,GPU1300_CPU2201,1300,2201,1300,2201,long_long,mixed,1024,512,2,30.30831483192742,30.30831483192742,30.30831483192742,0,0.0,7.9,15.799,15.799,0.0,0.0,8.785,1.597,5.417,66.8,66.8,1,Phi-3-mini-Q4,llama.cpp,
