timestamp,run_type,alpha,strategy,workload,prompt_length,output_length,repeat,target_gpu_mhz,target_cpu_mhz,actual_gpu_mhz,actual_cpu_mhz,config_name,ttft_ms,tpot_ms,total_time_ms,output_tokens,tokens_per_second,total_energy_j,avg_power_w,max_power_w,energy_per_token_j,tokens_per_joule,avg_gpu_soc_w,avg_cpu_cv_w,avg_temp_cpu_c,pred_ttft_ms,pred_tpot_ms,pred_energy_per_token_j,prefill_config,decode_config,phase_switch,switch_overhead_ms
2026-05-15T21:12:53.911713,weighted,0.0,single,p128_o64,128,64,0,612,1036,612,1036,GPU612_CPU1036,25.976559845730662,43.49375773029077,2766.3477058522403,64,23.13519730893093,235.579,42.833,44.148,3.680921875,0.2716710742468556,32.611,0.58,51.5,45.382136634240545,42.44795822163936,1.0184427083333334,,,,
2026-05-15T21:12:56.266067,weighted,0.0,single,p128_o64,128,64,1,612,1036,612,1036,GPU612_CPU1036,25.834609987214208,24.09644623745292,1544.1792588680983,64,41.44596531293443,78.277,39.138,45.562,1.223078125,0.817609259424863,29.732,0.399,52.0,45.382136634240545,42.44795822163936,1.0184427083333334,,,,
2026-05-15T21:12:58.645771,weighted,0.0,single,p128_o64,128,64,2,612,1036,612,1036,GPU612_CPU1036,25.838385801762342,25.717719450282555,1569.1632099915296,61,38.874222650382734,72.835,36.418,44.661,1.194016393442623,0.8375094391432691,27.442,0.399,51.8,45.382136634240545,42.44795822163936,1.0184427083333334,,,,
2026-05-15T21:13:18.871036,weighted,0.0,single,p512_o128,512,128,0,918,1036,918,1036,GPU918_CPU1036,746.735816122964,88.9377372468985,9374.178970931098,98,10.454248879170489,288.328,30.35,31.383,2.9421224489795916,0.33989068005882195,20.966,0.42,52.2,37.284804857335985,33.8776130606457,1.0496835317460316,,,,
2026-05-15T21:13:28.374216,weighted,0.0,single,p512_o128,512,128,1,918,1036,918,1036,GPU918_CPU1036,69.68836393207312,76.2885692302731,8690.789025044069,114,13.117336029155528,275.292,30.588,32.083,2.4148421052631575,0.4141057495314067,21.088,0.421,52.7,37.284804857335985,33.8776130606457,1.0496835317460316,,,,
2026-05-15T21:13:33.542036,weighted,0.0,single,p512_o128,512,128,2,918,1036,918,1036,GPU918_CPU1036,75.691191945225,33.705351126240934,4356.759250862524,128,29.379635786544636,143.62,31.915,32.382,1.12203125,0.8912407742654226,22.265,0.443,53.2,37.284804857335985,33.8776130606457,1.0496835317460316,,,,
2026-05-15T21:13:50.841401,weighted,0.0,single,p1024_o128,1024,128,0,918,1036,1300,1036,GPU1300_CPU1036,721.4320169296116,54.884143661355644,7692.203463055193,128,16.640225471774105,659.423,42.543,44.978,5.1517421875,0.19410909234285126,32.312,0.45,55.1,39.128878503106534,31.681228842490945,1.0462304687500001,,,,
2026-05-15T21:13:58.678052,weighted,0.0,single,p1024_o128,1024,128,1,918,1036,1300,1036,GPU1300_CPU1036,63.83994407951832,54.78724487323871,7022.308701183647,128,18.227623627315747,604.509,43.179,44.978,4.7227265625,0.21174209151559364,32.685,0.484,55.7,39.128878503106534,31.681228842490945,1.0462304687500001,,,,
2026-05-15T21:14:02.731274,weighted,0.0,single,p1024_o128,1024,128,2,918,1036,1300,1036,GPU1300_CPU1036,33.64489506930113,25.261763809615466,3242.3803410492837,128,39.47717002212555,147.074,42.021,46.362,1.149015625,0.8703101839890123,31.869,0.456,56.0,39.128878503106534,31.681228842490945,1.0462304687500001,,,,
2026-05-15T21:14:25.622279,weighted,0.0,single,p128_o256,128,256,0,918,1036,1300,1036,GPU1300_CPU1036,46.83067789301276,51.65451790169612,13219.67236394994,256,19.365079024054506,572.622,44.048,45.662,2.2368046875,0.4470663020282141,33.578,0.43,57.3,34.9746469873935,31.806958051021,1.0171953125,,,,
2026-05-15T21:14:39.701615,weighted,0.0,single,p128_o256,128,256,1,918,1036,1300,1036,GPU1300_CPU1036,55.003518937155604,51.80221030616439,13265.521581983194,256,19.298148091492383,573.737,44.134,45.662,2.24116015625,0.44619747375539665,33.706,0.399,58.3,34.9746469873935,31.806958051021,1.0171953125,,,,
2026-05-15T21:14:49.715704,weighted,0.0,single,p128_o256,128,256,2,918,1036,1300,1036,GPU1300_CPU1036,54.52128895558417,35.868373694007886,9201.90464798361,256,27.820327398860474,401.442,44.605,46.161,1.5681328125,0.6377010875792767,34.119,0.399,59.0,34.9746469873935,31.806958051021,1.0171953125,,,,
2026-05-15T21:15:29.148813,weighted,0.0,single,p1024_o512,1024,512,0,918,1036,1300,1036,GPU1300_CPU1036,1042.990022804588,55.976651123690246,29649.029183899984,512,17.268693582656198,1291.438,44.532,45.165,2.52233984375,0.396457282502141,33.644,0.605,60.3,39.70221298125883,33.06291678958619,1.050078017639789,,,,
2026-05-15T21:15:54.420340,weighted,0.0,single,p1024_o512,1024,512,1,918,1036,1300,1036,GPU1300_CPU1036,63.01343208178878,47.72866109418892,24454.276473028585,512,20.937033265519077,1071.252,44.635,45.564,2.0922890625,0.47794543207387247,33.855,0.457,61.5,39.70221298125883,33.06291678958619,1.050078017639789,,,,
2026-05-15T21:15:55.263494,weighted,0.0,single,p1024_o512,1024,512,2,918,1036,1300,1036,GPU1300_CPU1036,33.72579603455961,33.72579603455961,33.72579603455961,0,0.0,7.194,14.389,14.389,0.0,0.0,8.782,0.399,61.2,39.70221298125883,33.06291678958619,1.050078017639789,,,,
2026-05-15T21:16:11.914278,weighted,0.0,phase_aware,p128_o64,128,64,0,612,1036,612,1036,GPU612_CPU1036,94.2320239264518,81.11436054154876,5254.745528055355,64,12.296470529638414,121.687,22.125,23.397,1.901359375,0.5259395005218306,13.391,0.435,59.8,82.96939365876217,42.59851418075856,1.0188072916666668,GPU306_CPU1036,GPU612_CPU1036,True,50.0
2026-05-15T21:16:18.334600,weighted,0.0,phase_aware,p128_o64,128,64,1,612,1036,612,1036,GPU612_CPU1036,91.46941709332168,81.14061162008771,5253.58499721624,64,12.299212953038735,121.587,22.107,23.297,1.899796875,0.5263720628027667,13.427,0.399,59.6,82.96939365876217,42.59851418075856,1.0188072916666668,GPU306_CPU1036,GPU612_CPU1036,True,50.0
2026-05-15T21:16:22.285080,weighted,0.0,phase_aware,p128_o64,128,64,2,612,1036,612,1036,GPU612_CPU1036,45.389116974547505,42.680667461975226,2784.531768132001,64,23.404372458148234,63.644,21.215,23.796,0.9944375,1.0055936144805482,12.841,0.399,59.1,82.96939365876217,42.59851418075856,1.0188072916666668,GPU306_CPU1036,GPU612_CPU1036,True,50.0
2026-05-15T21:16:49.157994,weighted,0.0,phase_aware,p512_o128,512,128,0,612,1036,612,1036,GPU612_CPU1036,924.8610429931432,98.70996540155643,13511.528009967878,128,9.508578811054706,294.114,21.786,22.797,2.297765625,0.4352053965469172,13.217,0.414,58.7,182.7812666694323,42.66338378711655,0.9732395833333333,GPU306_CPU1036,GPU612_CPU1036,True,50.0
2026-05-15T21:16:59.287789,weighted,0.0,phase_aware,p512_o128,512,128,1,612,1036,612,1036,GPU612_CPU1036,113.18684695288539,69.27520556808047,8961.627059103921,128,14.363258151522176,198.93,22.103,22.797,1.554140625,0.6434424169305786,13.44,0.399,58.5,182.7812666694323,42.66338378711655,0.9732395833333333,GPU306_CPU1036,GPU612_CPU1036,True,50.0
2026-05-15T21:17:01.624539,weighted,0.0,phase_aware,p512_o128,512,128,2,612,1036,612,1036,GPU612_CPU1036,149.29348090663552,48.606341312590395,1171.2732838466763,20,17.836864828694885,26.6,17.734,20.199,1.33,0.7518796992481203,10.246,0.399,58.1,182.7812666694323,42.66338378711655,0.9732395833333333,GPU306_CPU1036,GPU612_CPU1036,True,50.0
2026-05-15T21:17:22.409713,weighted,0.0,phase_aware,p1024_o128,1024,128,0,918,1036,918,1036,GPU918_CPU1036,749.7130220290273,70.18785425975156,9714.10832083784,128,13.244884654697548,285.75,30.079,31.101,2.232421875,0.4479440069991251,20.46,0.399,59.0,88.21034315042198,30.516488354755783,0.9476302083333333,GPU306_CPU1036,GPU918_CPU1036,True,50.0
2026-05-15T21:17:32.613091,weighted,0.0,phase_aware,p1024_o128,1024,128,1,918,1036,918,1036,GPU918_CPU1036,40.55814701132476,70.40242969212453,9032.417671009898,128,14.250061029015686,545.998,30.333,31.601,4.265609375,0.2344330931615134,20.545,0.41,59.0,88.21034315042198,30.516488354755783,0.9476302083333333,GPU306_CPU1036,GPU918_CPU1036,True,50.0
2026-05-15T21:17:37.877800,weighted,0.0,phase_aware,p1024_o128,1024,128,2,918,1036,918,1036,GPU918_CPU1036,40.46976403333247,31.552017715898906,4098.072702949867,128,31.619985457950214,131.726,29.273,32.899,1.029109375,0.9717140124197198,19.87,0.399,59.1,88.21034315042198,30.516488354755783,0.9476302083333333,GPU306_CPU1036,GPU918_CPU1036,True,50.0
2026-05-15T21:18:16.139646,weighted,0.0,phase_aware,p128_o256,128,256,0,612,1036,612,1036,GPU612_CPU1036,96.16001090034842,98.1028441841915,25163.33097703755,256,10.19378911678719,540.641,22.067,23.297,2.11187890625,0.4735119977952098,13.328,0.423,58.3,86.9869190112998,43.03657392319901,0.9888177083333334,GPU306_CPU1036,GPU612_CPU1036,True,50.0
2026-05-15T21:18:36.174846,weighted,0.0,phase_aware,p128_o256,128,256,1,612,1036,612,1036,GPU612_CPU1036,108.60732709988952,94.41109148189804,18864.33207797818,198,10.523892061613777,410.154,22.17,23.297,2.0714848484848485,0.4827455053467722,13.421,0.421,58.1,86.9869190112998,43.03657392319901,0.9888177083333334,GPU306_CPU1036,GPU612_CPU1036,True,50.0
2026-05-15T21:18:57.218524,weighted,0.0,phase_aware,p128_o256,128,256,2,612,1036,612,1036,GPU612_CPU1036,108.0862139351666,91.68982703758533,19872.325366083533,216,10.896804285615305,436.604,22.39,23.297,2.0213148148148146,0.4947274876089088,13.532,0.512,57.9,86.9869190112998,43.03657392319901,0.9888177083333334,GPU306_CPU1036,GPU612_CPU1036,True,50.0
2026-05-15T21:19:55.999748,weighted,0.0,phase_aware,p1024_o512,1024,512,0,612,1036,612,1036,GPU612_CPU1036,2266.3551580626518,102.85635468095452,45624.642448918894,421,9.237593042487749,997.211,22.409,23.397,2.3686722090261285,0.42217745291618325,13.518,0.426,57.5,246.4003947097808,45.260409682581866,1.0429637305699482,GPU306_CPU1036,GPU612_CPU1036,True,50.0
2026-05-15T21:20:50.630502,weighted,0.0,phase_aware,p1024_o512,1024,512,1,612,1036,612,1036,GPU612_CPU1036,114.5294988527894,104.27272425273729,53449.86000978388,512,9.588040116700526,1168.917,22.479,23.497,2.283041015625,0.438012279742702,13.58,0.403,57.4,246.4003947097808,45.260409682581866,1.0429637305699482,GPU306_CPU1036,GPU612_CPU1036,True,50.0
2026-05-15T21:21:39.480098,weighted,0.0,phase_aware,p1024_o512,1024,512,2,612,1036,612,1036,GPU612_CPU1036,116.14760290831327,92.95883825652068,47670.03894709051,512,10.751776170718193,1051.104,22.604,25.288,2.0529375,0.4871068895180686,13.667,0.403,57.3,246.4003947097808,45.260409682581866,1.0429637305699482,GPU306_CPU1036,GPU612_CPU1036,True,50.0
2026-05-15T21:21:53.287952,weighted,0.2,single,p128_o64,128,64,0,918,1036,918,1036,GPU918_CPU1036,68.58438602648675,64.01222568034889,4101.618147920817,64,15.60359782210412,272.641,30.293,31.583,4.260015625,0.23474092304532332,20.647,0.421,58.0,32.59709764582416,30.482728306509596,1.0405,,,,
2026-05-15T21:21:56.045977,weighted,0.2,single,p128_o64,128,64,1,918,1036,918,1036,GPU918_CPU1036,32.26345684379339,30.404757826574265,1948.0178148951381,64,32.85390898924871,56.476,28.238,32.299,0.8824375,1.1332247326297897,19.158,0.399,58.0,32.59709764582416,30.482728306509596,1.0405,,,,
2026-05-15T21:21:58.803328,weighted,0.2,single,p128_o64,128,64,2,918,1036,918,1036,GPU918_CPU1036,32.185700023546815,30.392013331283888,1947.1370598766953,64,32.86876990778085,56.476,28.238,31.9,0.8824375,1.1332247326297897,19.158,0.399,58.0,32.59709764582416,30.482728306509596,1.0405,,,,
2026-05-15T21:22:17.992913,weighted,0.2,single,p512_o128,512,128,0,918,1036,918,1036,GPU918_CPU1036,593.0475080385804,69.82209366071588,9460.942699108273,128,13.52930718120346,283.356,29.827,30.393,2.21371875,0.4517285675969452,20.338,0.399,58.5,37.284804857335985,33.8776130606457,1.0496835317460316,,,,
2026-05-15T21:22:27.723520,weighted,0.2,single,p512_o128,512,128,1,918,1036,918,1036,GPU918_CPU1036,309.0832030866295,72.93011899050957,8915.329355979338,119,13.347796278573714,538.496,29.916,30.8,4.525176470588235,0.22098585690515807,20.38,0.399,58.8,37.284804857335985,33.8776130606457,1.0496835317460316,,,,
2026-05-15T21:22:32.855122,weighted,0.2,single,p512_o128,512,128,2,918,1036,918,1036,GPU918_CPU1036,37.550166016444564,33.71977792158136,4320.445146178827,128,29.626576815402526,132.464,29.436,31.299,1.034875,0.9663002778113299,20.09,0.399,58.7,37.284804857335985,33.8776130606457,1.0496835317460316,,,,
2026-05-15T21:22:52.368207,weighted,0.2,single,p1024_o128,1024,128,0,918,1036,918,1036,GPU918_CPU1036,1015.0235879700631,69.69864209417224,9867.252238094807,128,12.972203092754276,312.406,29.753,31.101,2.440671875,0.4097232447520214,20.205,0.399,59.2,39.128878503106534,31.681228842490945,1.0462304687500001,,,,
2026-05-15T21:22:53.217914,weighted,0.2,single,p1024_o128,1024,128,1,918,1036,918,1036,GPU918_CPU1036,40.40952795185149,40.40952795185149,40.40952795185149,0,0.0,5.997,11.994,11.994,0.0,0.0,6.387,0.399,58.8,39.128878503106534,31.681228842490945,1.0462304687500001,,,,
2026-05-15T21:22:58.081976,weighted,0.2,single,p1024_o128,1024,128,2,918,1036,918,1036,GPU918_CPU1036,41.30738694220781,31.58619031530079,4053.25206881389,128,31.579580501505017,136.462,30.325,32.491,1.066109375,0.9379900631677683,20.664,0.399,59.1,39.128878503106534,31.681228842490945,1.0462304687500001,,,,
2026-05-15T21:23:26.003827,weighted,0.2,single,p128_o256,128,256,0,918,1036,918,1036,GPU918_CPU1036,69.9728720355779,67.28139128627292,17227.6811869815,256,14.859805984420724,522.088,30.711,32.598,2.03940625,0.4903387934601064,20.98,0.422,59.6,34.9746469873935,31.806958051021,1.0171953125,,,,
2026-05-15T21:23:44.091772,weighted,0.2,single,p128_o256,128,256,1,918,1036,918,1036,GPU918_CPU1036,74.98739589937031,67.43923047027897,17272.944574942812,256,14.820866175380962,521.066,30.651,31.8,2.0354140625,0.491300526228923,20.931,0.411,59.8,34.9746469873935,31.806958051021,1.0171953125,,,,
2026-05-15T21:23:56.060111,weighted,0.2,single,p128_o256,128,256,2,918,1036,918,1036,GPU918_CPU1036,74.0661749150604,43.452176682687565,11155.324703082442,256,22.94868207012047,343.276,31.207,32.299,1.340921875,0.7457556019063377,21.409,0.417,60.1,34.9746469873935,31.806958051021,1.0171953125,,,,
2026-05-15T21:24:23.144598,weighted,0.2,single,p1024_o512,1024,512,0,918,1036,918,1036,GPU918_CPU1036,1453.846574993804,67.18668477313423,16308.151932898909,221,13.55150484918958,495.572,30.973,32.5,2.2424072398190047,0.44594932724205566,21.068,0.449,60.3,39.70221298125883,33.06291678958619,1.050078017639789,,,,
2026-05-15T21:24:40.401594,weighted,0.2,single,p1024_o512,1024,512,1,918,1036,918,1036,GPU918_CPU1036,76.83612802065909,67.88056377457299,16441.550517920405,241,14.65798494718141,517.012,31.334,32.5,2.145278008298755,0.46614005090790933,21.338,0.399,60.5,39.70221298125883,33.06291678958619,1.050078017639789,,,,
2026-05-15T21:25:09.666467,weighted,0.2,single,p1024_o512,1024,512,2,918,1036,918,1036,GPU918_CPU1036,74.62125201709569,60.141660614890306,28446.938595967367,471,16.557141936769565,863.476,30.838,32.491,1.8332823779193206,0.5454697061643867,20.895,0.413,60.8,39.70221298125883,33.06291678958619,1.050078017639789,,,,
2026-05-15T21:25:26.378033,weighted,0.2,phase_aware,p128_o64,128,64,0,612,1036,612,1036,GPU612_CPU1036,92.46217599138618,74.42718784191779,4831.638266053051,64,13.384534010940161,113.634,22.727,23.796,1.77553125,0.5632117148036679,13.892,0.399,60.0,82.96939365876217,42.59851418075856,1.0188072916666668,GPU306_CPU1036,GPU612_CPU1036,True,50.0
2026-05-15T21:25:30.545803,weighted,0.2,phase_aware,p128_o64,128,64,1,612,1036,612,1036,GPU612_CPU1036,95.34204984083772,45.33146322512674,3001.480160932988,64,21.684035301043345,71.088,23.696,24.195,1.11075,0.9002925950934054,14.57,0.532,59.9,82.96939365876217,42.59851418075856,1.0188072916666668,GPU306_CPU1036,GPU612_CPU1036,True,50.0
2026-05-15T21:25:35.301454,weighted,0.2,phase_aware,p128_o64,128,64,2,612,1036,612,1036,GPU612_CPU1036,45.401354087516665,55.46065380737659,3589.683046983555,64,18.08071489749329,74.442,21.269,22.898,1.16315625,0.859729722468499,12.773,0.399,59.7,82.96939365876217,42.59851418075856,1.0188072916666668,GPU306_CPU1036,GPU612_CPU1036,True,50.0
2026-05-15T21:26:02.794132,weighted,0.2,phase_aware,p512_o128,512,128,0,612,1036,612,1036,GPU612_CPU1036,444.40349796786904,107.27307774075197,14118.581731058657,128,9.09828740713923,301.424,21.53,22.197,2.354875,0.4246509899676204,12.959,0.442,59.3,182.7812666694323,42.66338378711655,0.9732395833333333,GPU306_CPU1036,GPU612_CPU1036,True,50.0
2026-05-15T21:26:17.697219,weighted,0.2,phase_aware,p512_o128,512,128,1,612,1036,612,1036,GPU612_CPU1036,51.97141203097999,107.30415529124146,13730.0840459764,128,9.35666766153001,581.392,21.533,22.697,4.542125,0.2201612681289044,12.988,0.399,59.0,182.7812666694323,42.66338378711655,0.9732395833333333,GPU306_CPU1036,GPU612_CPU1036,True,50.0
2026-05-15T21:26:25.188424,weighted,0.2,phase_aware,p512_o128,512,128,2,612,1036,612,1036,GPU612_CPU1036,51.57043086364865,48.99158348021369,6323.9902848843485,128,20.40168922613489,155.571,23.934,30.9,1.2153984375,0.8227754530085941,15.076,0.43,58.9,182.7812666694323,42.66338378711655,0.9732395833333333,GPU306_CPU1036,GPU612_CPU1036,True,50.0
2026-05-15T21:26:39.853302,weighted,0.2,phase_aware,p1024_o128,1024,128,0,918,1036,918,1036,GPU918_CPU1036,748.802682152018,31.76722021986122,4833.7421940639615,128,26.757294772036907,148.06,29.612,33.0,1.15671875,0.8645143860597055,20.276,0.399,59.5,88.21034315042198,30.516488354755783,0.9476302083333333,GPU306_CPU1036,GPU918_CPU1036,True,50.0
2026-05-15T21:26:41.109223,weighted,0.2,phase_aware,p1024_o128,1024,128,1,918,1036,918,1036,GPU918_CPU1036,40.6489260494709,40.6489260494709,90.6489260494709,0,0.0,5.447,10.894,10.894,0.0,0.0,5.588,0.399,58.9,88.21034315042198,30.516488354755783,0.9476302083333333,GPU306_CPU1036,GPU918_CPU1036,True,50.0
2026-05-15T21:26:42.403639,weighted,0.2,phase_aware,p1024_o128,1024,128,2,918,1036,918,1036,GPU918_CPU1036,74.57672501914203,74.57672501914203,124.57672501914203,0,0.0,14.09,28.179,28.179,0.0,0.0,19.153,0.399,59.1,88.21034315042198,30.516488354755783,0.9476302083333333,GPU306_CPU1036,GPU918_CPU1036,True,50.0
2026-05-15T21:27:14.503830,weighted,0.2,phase_aware,p128_o256,128,256,0,612,1036,612,1036,GPU612_CPU1036,97.16591285541654,73.82772876515838,18974.18894194998,256,13.52766032854993,509.678,27.55,31.291,1.9909296875,0.502277908797319,18.19,0.41,59.3,86.9869190112998,43.03657392319901,0.9888177083333334,GPU306_CPU1036,GPU612_CPU1036,True,50.0
2026-05-15T21:27:34.862524,weighted,0.2,phase_aware,p128_o256,128,256,1,612,1036,612,1036,GPU612_CPU1036,104.98645692132413,74.61469584765534,19182.67581909895,256,13.380250751149573,521.053,27.424,31.001,2.03536328125,0.4913127839202538,18.067,0.43,59.5,86.9869190112998,43.03657392319901,0.9888177083333334,GPU306_CPU1036,GPU612_CPU1036,True,50.0
2026-05-15T21:27:54.870435,weighted,0.2,phase_aware,p128_o256,128,256,2,612,1036,612,1036,GPU612_CPU1036,108.63145510666072,73.22508639235998,18832.1153299883,256,13.629987650606097,413.902,22.373,23.696,1.6168046875,0.6185038970577577,13.626,0.399,59.3,86.9869190112998,43.03657392319901,0.9888177083333334,GPU306_CPU1036,GPU612_CPU1036,True,50.0
2026-05-15T21:28:54.284678,weighted,0.2,phase_aware,p1024_o512,1024,512,0,612,1036,612,1036,GPU612_CPU1036,2270.7537580281496,85.73442623119459,46133.03464902565,512,11.110379424867702,1018.298,22.629,29.288,1.98886328125,0.5027997698119804,13.71,0.412,58.7,156.9947323296219,45.260409682581866,1.0429637305699482,GPU306_CPU1497,GPU612_CPU1036,True,50.0
2026-05-15T21:28:55.620160,weighted,0.2,phase_aware,p1024_o512,1024,512,1,612,1036,612,1036,GPU612_CPU1036,115.81821809522808,115.81821809522808,165.81821809522808,0,0.0,12.148,24.295,24.295,0.0,0.0,15.169,0.399,58.7,156.9947323296219,45.260409682581866,1.0429637305699482,GPU306_CPU1497,GPU612_CPU1036,True,50.0
2026-05-15T21:28:56.889989,weighted,0.2,phase_aware,p1024_o512,1024,512,2,612,1036,612,1036,GPU612_CPU1036,54.41954196430743,54.41954196430743,104.41954196430743,0,0.0,8.902,17.804,17.804,0.0,0.0,10.383,0.399,58.3,156.9947323296219,45.260409682581866,1.0429637305699482,GPU306_CPU1497,GPU612_CPU1036,True,50.0
2026-05-15T21:29:09.372602,weighted,0.4,single,p128_o64,128,64,0,918,1036,918,1036,GPU918_CPU1036,68.95564496517181,44.22163193498457,2855.1748958416283,64,22.41543945108642,94.599,31.533,32.299,1.478109375,0.6765399211408154,21.689,0.399,59.0,32.59709764582416,30.482728306509596,1.0405,,,,
2026-05-15T21:29:12.128615,weighted,0.4,single,p128_o64,128,64,1,918,1036,918,1036,GPU918_CPU1036,32.655512914061546,30.36632228805314,1945.9861929062754,64,32.88820867964012,56.936,28.468,32.299,0.889625,1.1240691302515105,19.26,0.499,58.9,32.59709764582416,30.482728306509596,1.0405,,,,
2026-05-15T21:29:15.939139,weighted,0.4,single,p128_o64,128,64,2,918,1036,918,1036,GPU918_CPU1036,32.58738713338971,47.094865857313074,2999.8218792025,64,21.334600045324805,86.78,28.926,30.9,1.3559375,0.7374971191518783,19.623,0.399,58.9,32.59709764582416,30.482728306509596,1.0405,,,,
2026-05-15T21:29:33.952193,weighted,0.4,single,p512_o128,512,128,0,918,1036,918,1036,GPU918_CPU1036,592.5545990467072,60.61521234672781,8291.173462988809,128,15.438104216656741,252.43,29.698,31.299,1.972109375,0.5070712672820188,20.242,0.399,59.4,37.284804857335985,33.8776130606457,1.0496835317460316,,,,
2026-05-15T21:29:39.094060,weighted,0.4,single,p512_o128,512,128,1,918,1036,918,1036,GPU918_CPU1036,37.18931809999049,33.79736466912597,4329.949815059081,128,29.561543543721992,134.43,29.873,31.8,1.050234375,0.9521684147883657,20.447,0.399,59.4,37.284804857335985,33.8776130606457,1.0496835317460316,,,,
2026-05-15T21:29:39.982218,weighted,0.4,single,p512_o128,512,128,2,918,1036,918,1036,GPU918_CPU1036,78.54988914914429,78.54988914914429,78.54988914914429,0,0.0,16.15,32.299,32.299,0.0,0.0,22.355,0.399,59.9,37.284804857335985,33.8776130606457,1.0496835317460316,,,,
2026-05-15T21:29:57.965124,weighted,0.4,single,p1024_o128,1024,128,0,918,1036,918,1036,GPU918_CPU1036,1456.9487911649048,62.61459325154231,9409.505958203226,128,13.603264673891761,567.852,30.695,32.4,4.43634375,0.22541084648816948,20.908,0.442,59.8,39.128878503106534,31.681228842490945,1.0462304687500001,,,,
2026-05-15T21:29:58.814810,weighted,0.4,single,p1024_o128,1024,128,1,918,1036,918,1036,GPU918_CPU1036,40.635410929098725,40.635410929098725,40.635410929098725,0,0.0,5.998,11.996,11.996,0.0,0.0,6.389,0.399,59.3,39.128878503106534,31.681228842490945,1.0462304687500001,,,,
2026-05-15T21:30:04.531947,weighted,0.4,single,p1024_o128,1024,128,2,918,1036,918,1036,GPU918_CPU1036,41.3304609246552,38.30090224537558,4906.045957002789,128,26.090257026087464,151.39,30.278,32.5,1.182734375,0.845498381663254,20.598,0.399,59.7,39.128878503106534,31.681228842490945,1.0462304687500001,,,,
2026-05-15T21:30:32.504991,weighted,0.4,single,p128_o256,128,256,0,918,1036,918,1036,GPU918_CPU1036,57.55469901487231,67.13942439642315,17179.06980914995,256,14.901854573269663,522.062,30.71,31.9,2.0393046875,0.4903632135646724,20.969,0.411,60.2,34.9746469873935,31.806958051021,1.0171953125,,,,
2026-05-15T21:30:50.530537,weighted,0.4,single,p128_o256,128,256,1,918,1036,918,1036,GPU918_CPU1036,74.3307271040976,67.19853915639368,17210.91702906415,256,14.87428006117813,521.803,30.694,32.299,2.03829296875,0.4906066082410412,20.945,0.411,60.3,34.9746469873935,31.806958051021,1.0171953125,,,,
2026-05-15T21:31:02.335148,weighted,0.4,single,p128_o256,128,256,2,918,1036,918,1036,GPU918_CPU1036,75.52710291929543,42.80441331439743,10991.605202900246,256,23.290501730579972,343.7,31.245,32.299,1.342578125,0.7448356124527205,21.466,0.399,60.5,34.9746469873935,31.806958051021,1.0171953125,,,,
2026-05-15T21:31:42.523011,weighted,0.4,single,p1024_o512,1024,512,0,918,1036,918,1036,GPU918_CPU1036,1451.3191529549658,68.15988181413933,29402.80196093954,410,13.944249277489567,900.97,31.068,32.5,2.197487804878049,0.45506509650709787,21.138,0.427,60.8,39.70221298125883,33.06291678958619,1.050078017639789,,,,
2026-05-15T21:31:43.411504,weighted,0.4,single,p1024_o512,1024,512,1,918,1036,918,1036,GPU918_CPU1036,78.69291491806507,78.69291491806507,78.69291491806507,0,0.0,16.2,32.4,32.4,0.0,0.0,22.355,0.399,61.0,39.70221298125883,33.06291678958619,1.050078017639789,,,,
2026-05-15T21:32:16.455834,weighted,0.4,single,p1024_o512,1024,512,2,918,1036,918,1036,GPU918_CPU1036,75.26032393798232,62.91158074365451,32225.004452979192,512,15.88828329712351,954.336,30.296,32.5,1.8639375,0.5364986755188949,20.372,0.456,61.1,39.70221298125883,33.06291678958619,1.050078017639789,,,,
2026-05-15T21:32:35.489843,weighted,0.4,phase_aware,p128_o64,128,64,0,612,1036,612,1036,GPU612_CPU1036,45.44641589745879,93.18230698432123,5916.193956043571,64,10.817765691170768,129.596,21.599,22.802,2.0249375,0.4938424025432884,12.975,0.432,60.0,45.382136634240545,42.59851418075856,1.0188072916666668,GPU612_CPU1036,GPU612_CPU1036,False,0.0
2026-05-15T21:32:39.433918,weighted,0.4,phase_aware,p128_o64,128,64,1,612,1036,612,1036,GPU612_CPU1036,45.537388883531094,42.575393463411025,2728.0493760481477,64,23.45998593790498,64.744,21.581,24.295,1.011625,0.9885085876683554,12.974,0.532,59.8,45.382136634240545,42.59851418075856,1.0188072916666668,GPU612_CPU1036,GPU612_CPU1036,False,0.0
2026-05-15T21:32:45.518633,weighted,0.4,phase_aware,p128_o64,128,64,2,612,1036,612,1036,GPU612_CPU1036,45.25743005797267,76.55053788663021,4868.211932014674,64,13.146510647804535,107.186,21.437,22.397,1.67478125,0.5970929039240199,12.933,0.399,59.6,45.382136634240545,42.59851418075856,1.0188072916666668,GPU612_CPU1036,GPU612_CPU1036,False,0.0
2026-05-15T21:33:12.827832,weighted,0.4,phase_aware,p512_o128,512,128,0,612,1036,612,1036,GPU612_CPU1036,947.7199339307845,108.28432964718365,14750.321174925193,128,8.707292750741642,617.948,21.309,22.297,4.82771875,0.207137170117874,12.815,0.413,59.2,50.754067643235125,42.66338378711655,0.9732395833333333,GPU612_CPU1497,GPU612_CPU1036,True,50.0
2026-05-15T21:33:27.899283,weighted,0.4,phase_aware,p512_o128,512,128,1,612,1036,612,1036,GPU612_CPU1036,117.29097203351557,108.14164107203425,13901.813963148743,128,9.240666987048064,299.884,21.42,22.202,2.34284375,0.4268317082605274,12.903,0.413,58.9,50.754067643235125,42.66338378711655,0.9732395833333333,GPU612_CPU1497,GPU612_CPU1036,True,50.0
2026-05-15T21:33:35.860805,weighted,0.4,phase_aware,p512_o128,512,128,2,612,1036,612,1036,GPU612_CPU1036,51.89609085209668,52.69215749686686,6794.322923012078,128,18.978925158410714,175.986,25.141,31.4,1.374890625,0.727330583114566,16.138,0.428,58.9,50.754067643235125,42.66338378711655,0.9732395833333333,GPU612_CPU1497,GPU612_CPU1036,True,50.0
2026-05-15T21:33:54.431895,weighted,0.4,phase_aware,p1024_o128,1024,128,0,918,1036,918,1036,GPU918_CPU1036,1453.259165165946,59.74571373841659,9091.463449131697,128,14.157000215744118,277.792,30.866,32.601,2.17025,0.46077640824789773,21.002,0.443,59.7,50.950954745834075,30.516488354755783,0.9476302083333333,GPU612_CPU1497,GPU918_CPU1036,True,50.0
2026-05-15T21:34:02.828903,weighted,0.4,phase_aware,p1024_o128,1024,128,1,918,1036,918,1036,GPU918_CPU1036,293.42820099554956,57.86107958904898,7229.392656078562,120,16.71450577346537,231.014,30.802,32.4,1.9251166666666668,0.5194490377206576,20.972,0.399,60.0,50.950954745834075,30.516488354755783,0.9476302083333333,GPU612_CPU1497,GPU918_CPU1036,True,50.0
2026-05-15T21:34:08.619862,weighted,0.4,phase_aware,p1024_o128,1024,128,2,918,1036,918,1036,GPU918_CPU1036,40.87299481034279,35.704496307445204,4625.694189872593,128,27.97389744343122,179.624,35.925,46.262,1.4033125,0.7125996526076693,25.784,0.559,60.1,50.950954745834075,30.516488354755783,0.9476302083333333,GPU612_CPU1497,GPU918_CPU1036,True,50.0
2026-05-15T21:34:31.850975,weighted,0.4,phase_aware,p128_o256,128,256,0,1300,1497,1300,1497,GPU1300_CPU1497,25.290338089689612,50.90351318392683,13056.393793039024,256,19.682627181179942,1131.64,44.378,45.263,4.42046875,0.22622035276236258,33.517,0.798,62.0,48.225245671346784,29.445325920139165,1.0298307291666666,GPU612_CPU1036,GPU918_CPU1497,True,50.0
2026-05-15T21:34:45.993654,weighted,0.4,phase_aware,p128_o256,128,256,1,1300,1497,1300,1497,GPU1300_CPU1497,28.399228118360043,50.582940470171614,12977.709667012095,256,19.80242491469626,577.089,44.391,45.263,2.25425390625,0.4436057523189664,33.477,0.844,62.7,48.225245671346784,29.445325920139165,1.0298307291666666,GPU612_CPU1036,GPU918_CPU1497,True,50.0
2026-05-15T21:34:56.091915,weighted,0.4,phase_aware,p128_o256,128,256,2,1300,1497,1300,1497,GPU1300_CPU1497,28.664179146289825,34.71610517624546,8932.222423097119,256,28.82161556034712,336.83,37.426,47.459,1.3157421875,0.7600273134815783,27.226,0.665,63.0,48.225245671346784,29.445325920139165,1.0298307291666666,GPU612_CPU1036,GPU918_CPU1497,True,50.0
2026-05-15T21:36:03.581364,weighted,0.4,phase_aware,p1024_o512,1024,512,0,612,1036,612,1036,GPU612_CPU1036,2266.884363023564,104.0881249233594,54261.20249805972,499,9.204739555774653,1190.326,22.459,23.896,2.385422845691383,0.4192128878979372,13.528,0.44,60.3,53.362115596731506,45.260409682581866,1.0429637305699482,GPU612_CPU1497,GPU612_CPU1036,True,50.0
2026-05-15T21:36:58.186776,weighted,0.4,phase_aware,p1024_o512,1024,512,1,612,1036,612,1036,GPU612_CPU1036,116.08104687184095,104.22040317244026,53424.66687592678,512,9.592565723926306,1173.035,22.558,23.397,2.291083984375,0.43647461499443746,13.591,0.445,59.4,53.362115596731506,45.260409682581866,1.0429637305699482,GPU612_CPU1497,GPU612_CPU1036,True,50.0
2026-05-15T21:37:34.330253,weighted,0.4,phase_aware,p1024_o512,1024,512,2,612,1036,612,1036,GPU612_CPU1036,114.31406298652291,84.50333681014206,34967.76415891945,412,11.79915180493474,806.398,23.374,31.601,1.9572766990291264,0.5109139655604304,14.284,0.445,58.9,53.362115596731506,45.260409682581866,1.0429637305699482,GPU612_CPU1497,GPU612_CPU1036,True,50.0
2026-05-15T21:37:46.664675,weighted,0.6,single,p128_o64,128,64,0,918,1036,918,1036,GPU918_CPU1036,68.11298988759518,41.95719946264511,2711.670754943043,64,23.601685375459336,92.402,30.8,32.299,1.44378125,0.6926257007424081,21.093,0.399,59.6,32.59709764582416,30.482728306509596,1.0405,,,,
2026-05-15T21:37:49.418919,weighted,0.6,single,p128_o64,128,64,1,918,1036,918,1036,GPU918_CPU1036,32.20716305077076,30.340105823669877,1943.8881580717862,64,32.92370486143809,57.033,28.516,32.299,0.891140625,1.1221573475005697,19.358,0.399,59.5,32.59709764582416,30.482728306509596,1.0405,,,,
2026-05-15T21:37:52.683644,weighted,0.6,single,p128_o64,128,64,2,918,1036,918,1036,GPU918_CPU1036,32.40693314000964,38.460423046397786,2455.597483087331,64,26.062903403669882,92.694,37.077,44.478,1.44834375,0.6904438259218504,27.06,0.718,59.7,32.59709764582416,30.482728306509596,1.0405,,,,
2026-05-15T21:38:09.452434,weighted,0.6,single,p512_o128,512,128,0,1300,1497,1300,1497,GPU1300_CPU1497,412.0452788192779,51.339098457687015,6932.456659851596,128,18.46387309441039,308.416,44.059,45.676,2.4095,0.41502386387217266,33.357,0.798,61.4,29.248461360111833,26.52363394988393,1.1731302083333333,,,,
2026-05-15T21:38:14.806895,weighted,0.6,single,p512_o128,512,128,1,1300,1497,1300,1497,GPU1300_CPU1497,56.76213093101978,35.340204261111346,4545.304893050343,128,28.1609271570998,203.018,45.115,46.075,1.586078125,0.630485966761568,34.236,0.798,61.9,29.248461360111833,26.52363394988393,1.1731302083333333,,,,
2026-05-15T21:38:20.518141,weighted,0.6,single,p512_o128,512,128,2,1300,1497,1300,1497,GPU1300_CPU1497,81.75253914669156,39.493705098303494,4900.481472024694,123,25.09957454225024,181.963,36.393,46.061,1.4793739837398374,0.6759615965883174,26.421,0.598,61.6,29.248461360111833,26.52363394988393,1.1731302083333333,,,,
2026-05-15T21:38:39.671382,weighted,0.6,single,p1024_o128,1024,128,0,918,1036,918,1036,GPU918_CPU1036,1460.8402610756457,63.51962758184183,9528.335988055915,128,13.433615288173323,292.234,30.761,32.101,2.283078125,0.4380051602482942,20.967,0.399,61.1,39.128878503106534,31.681228842490945,1.0462304687500001,,,,
2026-05-15T21:38:47.268328,weighted,0.6,single,p1024_o128,1024,128,1,918,1036,918,1036,GPU918_CPU1036,79.56013083457947,52.79476222156833,6784.992323955521,128,18.86516504198172,219.064,31.295,33.0,1.7114375,0.5843041302998211,21.387,0.399,61.2,39.128878503106534,31.681228842490945,1.0462304687500001,,,,
2026-05-15T21:38:53.129523,weighted,0.6,single,p1024_o128,1024,128,2,918,1036,918,1036,GPU918_CPU1036,40.70905805565417,39.4407864715024,5050.186075968668,128,25.345600751047282,152.534,30.507,32.899,1.191671875,0.8391571715158588,20.837,0.399,61.0,39.128878503106534,31.681228842490945,1.0462304687500001,,,,
2026-05-15T21:39:21.090012,weighted,0.6,single,p128_o256,128,256,0,918,1036,918,1036,GPU918_CPU1036,56.7236989736557,67.16397970220915,17184.49708307162,256,14.897148212279346,522.56,30.739,31.9,2.04125,0.48989589712186166,20.958,0.434,61.2,34.9746469873935,31.806958051021,1.0171953125,,,,
2026-05-15T21:39:39.116015,weighted,0.6,single,p128_o256,128,256,1,918,1036,918,1036,GPU918_CPU1036,74.88866709172726,67.19813907847686,17211.405588081107,256,14.873857843271088,521.958,30.703,31.9,2.0388984375,0.49046091831143507,20.993,0.399,61.3,34.9746469873935,31.806958051021,1.0171953125,,,,
2026-05-15T21:39:50.913457,weighted,0.6,single,p128_o256,128,256,2,918,1036,918,1036,GPU918_CPU1036,75.20987302996218,42.777717454979815,10984.477519989014,256,23.305614630658923,344.298,31.3,32.299,1.3449140625,0.7435419316987029,21.484,0.435,61.3,34.9746469873935,31.806958051021,1.0171953125,,,,
2026-05-15T21:40:07.870528,weighted,0.6,single,p1024_o512,1024,512,0,918,1036,918,1036,GPU918_CPU1036,792.975579155609,31.956213565011108,6417.936517158523,176,27.42314442180276,214.425,30.632,33.399,1.2183238636363638,0.8207998134545879,21.043,0.428,61.3,39.70221298125883,33.06291678958619,1.050078017639789,,,,
2026-05-15T21:40:08.725595,weighted,0.6,single,p1024_o512,1024,512,1,918,1036,918,1036,GPU918_CPU1036,45.65014294348657,45.65014294348657,45.65014294348657,0,0.0,13.48,26.959,26.959,0.0,0.0,19.138,0.398,61.3,39.70221298125883,33.06291678958619,1.050078017639789,,,,
2026-05-15T21:40:09.598978,weighted,0.6,single,p1024_o512,1024,512,2,918,1036,918,1036,GPU918_CPU1036,63.9614739920944,63.9614739920944,63.9614739920944,0,0.0,22.182,44.365,44.365,0.0,0.0,33.918,0.399,61.7,39.70221298125883,33.06291678958619,1.050078017639789,,,,
2026-05-15T21:40:20.355213,weighted,0.6,phase_aware,p128_o64,128,64,0,1300,1036,1300,1036,GPU1300_CPU1036,54.45526004768908,29.060349474468875,1935.5130129959434,64,33.943016865372165,92.622,46.311,47.06,1.44721875,0.6909805445790417,35.514,0.499,62.6,32.59709764582416,24.279481429537686,1.1587447916666667,GPU918_CPU1036,GPU1300_CPU1036,True,50.0
2026-05-15T21:40:23.146818,weighted,0.6,phase_aware,p128_o64,128,64,1,1300,1036,1300,1036,GPU1300_CPU1036,26.701646856963634,24.590711985226896,1626.169166015461,64,40.6047785859124,71.69,35.845,44.764,1.12015625,0.8927325986887991,26.84,0.399,62.1,32.59709764582416,24.279481429537686,1.1587447916666667,GPU918_CPU1036,GPU1300_CPU1036,True,50.0
2026-05-15T21:40:27.002293,weighted,0.6,phase_aware,p128_o64,128,64,2,1300,1036,1300,1036,GPU1300_CPU1036,25.894858175888658,41.4825743618643,2689.555274043232,64,24.246508731740153,122.398,40.8,45.363,1.91246875,0.5228843608555696,30.858,0.399,62.1,32.59709764582416,24.279481429537686,1.1587447916666667,GPU918_CPU1036,GPU1300_CPU1036,True,50.0
2026-05-15T21:40:43.331749,weighted,0.6,phase_aware,p512_o128,512,128,0,1300,1036,1300,1036,GPU1300_CPU1036,549.7874640859663,47.29220554232597,6511.832500062883,126,19.499112674117416,285.102,43.862,45.263,2.2627142857142855,0.4419470926194836,33.492,0.399,63.0,50.754067643235125,24.37590729638328,1.1386614583333332,GPU612_CPU1497,GPU1300_CPU1036,True,50.0
2026-05-15T21:40:49.397783,weighted,0.6,phase_aware,p512_o128,512,128,1,1300,1036,1300,1036,GPU1300_CPU1036,59.78529085405171,37.69929827682263,4898.104699049145,128,26.402070075983413,222.256,44.451,45.562,1.736375,0.5759124613058815,34.005,0.439,63.4,50.754067643235125,24.37590729638328,1.1386614583333332,GPU612_CPU1497,GPU1300_CPU1036,True,50.0
2026-05-15T21:40:55.908720,weighted,0.6,phase_aware,p512_o128,512,128,2,1300,1036,1300,1036,GPU1300_CPU1036,30.43266013264656,41.44097683496597,5343.96614106372,128,24.17846971236595,191.727,34.859,45.263,1.4978671875,0.6676159330715027,25.108,0.399,62.9,50.754067643235125,24.37590729638328,1.1386614583333332,GPU612_CPU1497,GPU1300_CPU1036,True,50.0
2026-05-15T21:41:13.865632,weighted,0.6,phase_aware,p1024_o128,1024,128,0,918,1036,918,1036,GPU918_CPU1036,1470.4393208958209,55.02081274120944,8458.606137894094,128,15.132516860735125,263.466,30.996,32.5,2.058328125,0.4858311888441013,21.158,0.399,62.3,39.128878503106534,30.516488354755783,0.9476302083333333,GPU918_CPU1036,GPU918_CPU1036,False,0.0
2026-05-15T21:41:19.096558,weighted,0.6,phase_aware,p1024_o128,1024,128,1,918,1036,918,1036,GPU918_CPU1036,40.729119908064604,31.296017205738647,4015.8147448673844,128,31.87398028347719,121.94,30.485,33.0,0.95265625,1.0496965720846319,20.708,0.449,62.1,39.128878503106534,30.516488354755783,0.9476302083333333,GPU918_CPU1036,GPU918_CPU1036,False,0.0
2026-05-15T21:41:20.392495,weighted,0.6,phase_aware,p1024_o128,1024,128,2,918,1036,918,1036,GPU918_CPU1036,75.03870804794133,75.03870804794133,75.03870804794133,0,0.0,16.599,33.198,33.198,0.0,0.0,22.754,0.798,62.2,39.128878503106534,30.516488354755783,0.9476302083333333,GPU918_CPU1036,GPU918_CPU1036,False,0.0
2026-05-15T21:41:43.687537,weighted,0.6,phase_aware,p128_o256,128,256,0,1300,1497,1300,1497,GPU1300_CPU1497,25.589364115148783,51.16649710153248,13123.705495102331,256,19.581288571622075,575.278,44.252,45.263,2.2471796875,0.44500224239411207,33.403,0.798,63.6,34.9746469873935,29.445325920139165,1.0298307291666666,GPU918_CPU1036,GPU918_CPU1497,True,50.0
2026-05-15T21:41:57.866375,weighted,0.6,phase_aware,p128_o256,128,256,1,1300,1497,1300,1497,GPU1300_CPU1497,28.71054015122354,50.72341530547276,13013.824686128646,256,19.747258714005998,577.908,44.454,45.277,2.257453125,0.44297708285747905,33.571,0.798,64.1,34.9746469873935,29.445325920139165,1.0298307291666666,GPU918_CPU1036,GPU918_CPU1497,True,50.0
2026-05-15T21:42:06.194387,weighted,0.6,phase_aware,p128_o256,128,256,2,1300,1497,1300,1497,GPU1300_CPU1497,28.434486128389835,27.77689887009853,7162.490387167782,256,35.99301876904752,321.654,45.951,47.559,1.2564609375,0.7958862628787455,34.976,0.741,64.5,34.9746469873935,29.445325920139165,1.0298307291666666,GPU918_CPU1036,GPU918_CPU1497,True,50.0
2026-05-15T21:42:17.425819,weighted,0.6,phase_aware,p1024_o512,1024,512,0,1300,1036,1300,1036,GPU1300_CPU1036,1031.9588568527251,1031.9588568527251,1081.9588568527251,0,0.0,64.061,42.707,43.778,0.0,0.0,32.729,0.399,64.4,53.362115596731506,26.114437713133754,1.1696515186674918,GPU612_CPU1497,GPU1300_CPU1036,True,50.0
2026-05-15T21:42:43.726292,weighted,0.6,phase_aware,p1024_o512,1024,512,1,1300,1036,1300,1036,GPU1300_CPU1036,63.31880507059395,54.37059499564822,25127.77777290903,460,18.342933100592663,1101.088,44.942,46.064,2.393669565217391,0.41776860705048097,34.051,0.423,65.0,53.362115596731506,26.114437713133754,1.1696515186674918,GPU612_CPU1497,GPU1300_CPU1036,True,50.0
2026-05-15T21:43:07.653609,weighted,0.6,phase_aware,p1024_o512,1024,512,2,1300,1036,1300,1036,GPU1300_CPU1036,60.48603402450681,44.734896534574354,22757.98749802634,506,22.282908163657343,1013.82,45.059,46.164,2.0035968379446643,0.49910240476613205,34.106,0.443,65.5,53.362115596731506,26.114437713133754,1.1696515186674918,GPU612_CPU1497,GPU1300_CPU1036,True,50.0
2026-05-15T21:43:18.557024,weighted,0.8,single,p128_o64,128,64,0,1300,1497,1300,1497,GPU1300_CPU1497,25.302171939983964,23.874198603961204,1529.557925881818,64,41.842155120148746,79.335,39.668,47.06,1.239609375,0.8067057414760195,29.632,0.798,65.5,25.629453205813963,23.96149202816622,1.1699895833333334,,,,
2026-05-15T21:43:20.894833,weighted,0.8,single,p128_o64,128,64,1,1300,1497,1300,1497,GPU1300_CPU1497,25.377273093909025,23.87203180807687,1529.4959431048483,64,41.84385077222316,74.439,37.22,46.262,1.163109375,0.8597643708271203,27.536,0.798,65.3,25.629453205813963,23.96149202816622,1.1699895833333334,,,,
2026-05-15T21:43:24.277232,weighted,0.8,single,p128_o64,128,64,2,1300,1497,1300,1497,GPU1300_CPU1497,25.774732930585742,40.438842523606525,2573.6078219488263,64,24.86781375708477,126.886,42.295,46.262,1.98259375,0.5043897671925981,31.588,0.997,65.3,25.629453205813963,23.96149202816622,1.1699895833333334,,,,
2026-05-15T21:43:41.019849,weighted,0.8,single,p512_o128,512,128,0,1300,1497,1300,1497,GPU1300_CPU1497,413.28506683930755,51.33426562318299,6933.084437856451,128,18.46220122476608,312.557,44.651,46.362,2.4418515625,0.4095253025848085,33.605,0.912,65.7,29.248461360111833,26.52363394988393,1.1731302083333333,,,,
2026-05-15T21:43:46.141560,weighted,0.8,single,p512_o128,512,128,1,1300,1497,1300,1497,GPU1300_CPU1497,55.53586105816066,33.5205515652279,4312.983497977257,128,29.67783207610941,204.148,45.366,46.661,1.59490625,0.6269961008679977,34.364,0.798,65.9,29.248461360111833,26.52363394988393,1.1731302083333333,,,,
2026-05-15T21:43:51.388159,weighted,0.8,single,p512_o128,512,128,2,1300,1497,1300,1497,GPU1300_CPU1497,29.159164987504482,34.69418885010317,4435.8079170342535,128,28.856073661002842,194.439,43.209,47.56,1.5190546875,0.6583041468018248,32.41,0.931,65.7,29.248461360111833,26.52363394988393,1.1731302083333333,,,,
2026-05-15T21:44:06.496647,weighted,0.8,single,p1024_o128,1024,128,0,1300,1036,1300,1036,GPU1300_CPU1036,1038.6919849552214,39.45405465389389,6049.902603961527,128,21.157365395632073,271.1,45.183,46.962,2.11796875,0.47215049797122827,34.22,0.632,65.9,32.76835510041565,25.302846244111013,1.16428125,,,,
2026-05-15T21:44:07.339817,weighted,0.8,single,p1024_o128,1024,128,1,1300,1036,1300,1036,GPU1300_CPU1036,33.65773614495993,33.65773614495993,33.65773614495993,0,0.0,7.55,15.1,15.1,0.0,0.0,8.785,0.798,65.2,32.76835510041565,25.302846244111013,1.16428125,,,,
2026-05-15T21:44:12.238612,weighted,0.8,single,p1024_o128,1024,128,2,1300,1036,1300,1036,GPU1300_CPU1036,34.84249603934586,31.923921047306553,4089.5730319898576,128,31.299110933768855,196.143,43.587,46.962,1.5323671875,0.6525851037253433,32.854,0.621,65.6,32.76835510041565,25.302846244111013,1.16428125,,,,
2026-05-15T21:44:35.641429,weighted,0.8,single,p128_o256,128,256,0,1300,1497,1300,1497,GPU1300_CPU1497,25.609809905290604,53.46062156079593,13658.805914921686,256,18.742487564035923,1210.36,44.828,46.862,4.72796875,0.21150732013615786,33.66,0.916,66.3,27.688098372891545,24.78692536457217,1.1511665610923423,,,,
2026-05-15T21:44:50.065086,weighted,0.8,single,p128_o256,128,256,1,1300,1497,1300,1497,GPU1300_CPU1497,28.61399808898568,53.26843626304146,13612.738663097844,256,18.805914543410637,600.12,44.453,45.564,2.34421875,0.42658135039658734,33.312,0.931,66.4,27.688098372891545,24.78692536457217,1.1511665610923423,,,,
2026-05-15T21:44:58.139497,weighted,0.8,single,p128_o256,128,256,2,1300,1497,1300,1497,GPU1300_CPU1497,28.60753401182592,28.374094313339274,7264.692344935611,256,35.238932062754685,342.08,45.611,47.66,1.33625,0.7483629560336764,34.531,0.798,66.6,27.688098372891545,24.78692536457217,1.1511665610923423,,,,
2026-05-15T21:45:37.489297,weighted,0.8,single,p1024_o512,1024,512,0,1300,1497,1300,1497,GPU1300_CPU1497,1038.2212679833174,55.83746727180545,29572.584244888276,512,17.313333043881716,1313.264,45.285,46.563,2.56496875,0.38986829761571173,33.975,0.798,66.9,30.80307401251048,25.947949053070815,1.2129423828124999,,,,
2026-05-15T21:46:05.797754,weighted,0.8,single,p1024_o512,1024,512,1,1300,1497,1300,1497,GPU1300_CPU1497,50.08871201425791,55.66249697751222,27494.28141093813,493,17.931001455592448,1228.691,45.507,47.063,2.4922738336714,0.40124001884932825,34.104,0.805,67.2,30.80307401251048,25.947949053070815,1.2129423828124999,,,,
2026-05-15T21:46:27.952949,weighted,0.8,single,p1024_o512,1024,512,2,1300,1497,1300,1497,GPU1300_CPU1497,53.03975008428097,43.59268229569498,21339.405161095783,488,22.868491240312583,961.386,45.78,47.462,1.9700532786885245,0.5076004851329227,34.406,0.76,67.4,30.80307401251048,25.947949053070815,1.2129423828124999,,,,
2026-05-15T21:46:38.705800,weighted,0.8,phase_aware,p128_o64,128,64,0,1300,1036,1300,1036,GPU1300_CPU1036,52.032135892659426,28.58031965378258,1902.8440101072192,64,34.54149386072521,93.474,46.737,47.261,1.46053125,0.6846823715685645,35.813,0.399,67.2,32.59709764582416,24.279481429537686,1.1587447916666667,GPU918_CPU1036,GPU1300_CPU1036,True,50.0
2026-05-15T21:46:41.464967,weighted,0.8,phase_aware,p128_o64,128,64,1,1300,1036,1300,1036,GPU1300_CPU1036,25.948228780180216,24.086194748561535,1593.635929003358,64,41.460553487713476,72.448,36.224,45.363,1.132,0.88339222614841,27.04,0.399,66.7,32.59709764582416,24.279481429537686,1.1587447916666667,GPU918_CPU1036,GPU1300_CPU1036,True,50.0
2026-05-15T21:46:45.331034,weighted,0.8,phase_aware,p128_o64,128,64,2,1300,1036,1300,1036,GPU1300_CPU1036,26.16905397735536,41.64048711148401,2699.7738771140575,64,24.15300435737716,123.156,41.052,45.963,1.9243125,0.51966611452142,30.993,0.399,66.6,32.59709764582416,24.279481429537686,1.1587447916666667,GPU918_CPU1036,GPU1300_CPU1036,True,50.0
2026-05-15T21:47:01.658872,weighted,0.8,phase_aware,p512_o128,512,128,0,1300,1036,1300,1036,GPU1300_CPU1036,413.61032193526626,47.610396724634285,6510.62339306809,128,19.81232958685338,288.1,44.323,45.863,2.25078125,0.44429017702186735,33.799,0.399,66.9,50.754067643235125,24.37590729638328,1.1386614583333332,GPU612_CPU1497,GPU1300_CPU1036,True,50.0
2026-05-15T21:47:07.723610,weighted,0.8,phase_aware,p512_o128,512,128,1,1300,1036,1300,1036,GPU1300_CPU1036,60.98831910640001,37.6842770868487,4897.38496504724,128,26.405990224205883,223.642,44.728,45.977,1.747203125,0.5723432986648304,34.091,0.399,67.0,50.754067643235125,24.37590729638328,1.1386614583333332,GPU612_CPU1497,GPU1300_CPU1036,True,50.0
2026-05-15T21:47:13.411591,weighted,0.8,phase_aware,p512_o128,512,128,2,1300,1036,1300,1036,GPU1300_CPU1036,29.992032097652555,34.98286163749716,4523.16860104911,128,28.615062702975166,190.908,42.424,45.762,1.49146875,0.6704800217906007,32.058,0.576,66.8,50.754067643235125,24.37590729638328,1.1386614583333332,GPU612_CPU1497,GPU1300_CPU1036,True,50.0
2026-05-15T21:47:29.634317,weighted,0.8,phase_aware,p1024_o128,1024,128,0,1300,1497,1300,1497,GPU1300_CPU1497,1035.628817975521,44.10998116606685,6687.96012615785,128,19.283032372490055,319.825,45.689,48.36,2.4986328125,0.4002188696943641,34.463,0.798,67.0,30.458362074568868,24.028030288921485,1.1533046875000001,GPU918_CPU1497,GPU1300_CPU1497,True,50.0
2026-05-15T21:47:35.275276,weighted,0.8,phase_aware,p1024_o128,1024,128,1,1300,1497,1300,1497,GPU1300_CPU1497,60.87955506518483,34.3817843391934,4477.715850993991,128,28.90881084233644,210.862,46.858,47.976,1.647359375,0.6070320873367416,35.343,0.798,67.2,30.458362074568868,24.028030288921485,1.1533046875000001,GPU918_CPU1497,GPU1300_CPU1497,True,50.0
2026-05-15T21:47:40.566719,weighted,0.8,phase_aware,p1024_o128,1024,128,2,1300,1497,1300,1497,GPU1300_CPU1497,32.03813987784088,31.843386898477245,4126.643010834232,128,31.398383341347927,196.97,43.771,47.876,1.538828125,0.6498451540843784,32.948,0.621,66.9,30.458362074568868,24.028030288921485,1.1533046875000001,GPU918_CPU1497,GPU1300_CPU1497,True,50.0
2026-05-15T21:48:03.897474,weighted,0.8,phase_aware,p128_o256,128,256,0,1300,1036,1300,1036,GPU1300_CPU1036,26.009156135842204,51.11338142670837,13110.880779987201,256,19.600515793104947,1133.242,44.441,45.179,4.4267265625,0.22590055786848706,33.79,0.399,67.1,27.688098372891545,24.786464453315716,1.1333906249999999,GPU1300_CPU1497,GPU1300_CPU1036,True,50.0
2026-05-15T21:48:18.064951,weighted,0.8,phase_aware,p128_o256,128,256,1,1300,1036,1300,1036,GPU1300_CPU1036,30.020318925380707,50.65536856121731,12998.082918999717,256,19.771266650165757,577.396,44.415,45.464,2.255453125,0.4433698882569329,33.741,0.414,67.2,27.688098372891545,24.786464453315716,1.1333906249999999,GPU1300_CPU1497,GPU1300_CPU1036,True,50.0
2026-05-15T21:48:26.485575,weighted,0.8,phase_aware,p128_o256,128,256,2,1300,1036,1300,1036,GPU1300_CPU1036,29.613996855914593,28.12575462329037,7252.643473865464,256,35.542506154703744,341.704,45.561,47.276,1.33478125,0.74918643036078,34.853,0.399,67.3,27.688098372891545,24.786464453315716,1.1333906249999999,GPU1300_CPU1497,GPU1300_CPU1036,True,50.0
2026-05-15T21:48:57.467828,weighted,0.8,phase_aware,p1024_o512,1024,512,0,1300,1036,1300,1036,GPU1300_CPU1036,1036.8134090676904,53.04989752527879,20826.96453896351,372,17.904444092513128,923.902,45.068,47.063,2.4836075268817206,0.40264010685115953,34.149,0.399,67.4,53.362115596731506,26.114437713133754,1.1696515186674918,GPU612_CPU1497,GPU1300_CPU1036,True,50.0
2026-05-15T21:49:20.033056,weighted,0.8,phase_aware,p1024_o512,1024,512,1,1300,1036,1300,1036,GPU1300_CPU1036,63.035034108906984,53.455820977476705,21393.088407069445,398,18.647722972846374,950.337,45.254,46.678,2.3877814070351757,0.4187988050554698,34.25,0.399,67.6,53.362115596731506,26.114437713133754,1.1696515186674918,GPU612_CPU1497,GPU1300_CPU1036,True,50.0
2026-05-15T21:49:44.275854,weighted,0.8,phase_aware,p1024_o512,1024,512,2,1300,1036,1300,1036,GPU1300_CPU1036,64.16296493262053,44.92755895280033,23073.47665000707,512,22.238170532765423,1019.209,45.298,46.679,1.990642578125,0.5023503520867654,34.145,0.532,67.7,53.362115596731506,26.114437713133754,1.1696515186674918,GPU612_CPU1497,GPU1300_CPU1036,True,50.0
2026-05-15T21:49:55.156039,weighted,1.0,single,p128_o64,128,64,0,1300,1497,1300,1497,GPU1300_CPU1497,25.333530036732554,23.87901420320665,1529.8912590369582,64,41.83303853914883,79.952,39.976,47.16,1.24925,0.8004802881729037,29.837,0.798,67.4,25.629453205813963,23.96149202816622,1.1699895833333334,,,,
2026-05-15T21:49:57.493180,weighted,1.0,single,p128_o64,128,64,1,1300,1497,1300,1497,GPU1300_CPU1497,25.604208931326866,23.85946690651869,1528.9294018875808,64,41.85935591335158,74.647,37.324,46.262,1.166359375,0.8573686819296154,27.64,0.798,67.2,25.629453205813963,23.96149202816622,1.1699895833333334,,,,
2026-05-15T21:50:00.876735,weighted,1.0,single,p128_o64,128,64,2,1300,1497,1300,1497,GPU1300_CPU1497,25.730892084538937,40.46245571595454,2575.047932099551,64,24.85390629129686,126.398,42.133,46.362,1.97496875,0.5063371255874302,31.591,0.798,67.2,25.629453205813963,23.96149202816622,1.1699895833333334,,,,
2026-05-15T21:50:15.415175,weighted,1.0,single,p512_o128,512,128,0,1300,1497,1300,1497,GPU1300_CPU1497,413.04604220204055,33.905675227746485,4719.397825188935,128,27.122104289836106,222.906,44.581,47.174,1.741453125,0.5742330847980763,33.566,0.918,67.5,29.248461360111833,26.52363394988393,1.1731302083333333,,,,
2026-05-15T21:50:19.752401,weighted,1.0,single,p512_o128,512,128,1,1300,1497,1300,1497,GPU1300_CPU1497,29.127324000000954,27.53943903921685,3526.985158910975,128,36.29161854469569,151.385,43.253,47.276,1.1826953125,0.8455263070977971,32.268,1.083,67.4,29.248461360111833,26.52363394988393,1.1731302083333333,,,,
2026-05-15T21:50:20.619701,weighted,1.0,single,p512_o128,512,128,2,1300,1497,1300,1497,GPU1300_CPU1497,59.342867927625775,59.342867927625775,59.342867927625775,0,0.0,23.888,47.775,47.775,0.0,0.0,35.928,1.197,67.6,29.248461360111833,26.52363394988393,1.1731302083333333,,,,
2026-05-15T21:50:35.180520,weighted,1.0,single,p1024_o128,1024,128,0,1300,1497,1300,1497,GPU1300_CPU1497,1040.238882880658,29.822987731634164,4828.113640891388,128,26.51138923407115,229.998,46.0,48.36,1.796859375,0.556526578491987,34.643,0.958,67.6,30.458362074568868,25.056857169297793,1.18490625,,,,
2026-05-15T21:50:39.214658,weighted,1.0,single,p1024_o128,1024,128,1,1300,1497,1300,1497,GPU1300_CPU1497,31.772803980857134,25.144954204676658,3225.536312907934,128,39.683323200476856,155.268,44.362,47.961,1.21303125,0.8243810701496767,33.29,0.855,67.4,30.458362074568868,25.056857169297793,1.18490625,,,,
2026-05-15T21:50:40.082469,weighted,1.0,single,p1024_o128,1024,128,2,1300,1497,1300,1497,GPU1300_CPU1497,59.92787214927375,59.92787214927375,59.92787214927375,0,0.0,23.88,47.76,47.76,0.0,0.0,36.312,0.798,67.5,30.458362074568868,25.056857169297793,1.18490625,,,,
2026-05-15T21:51:03.471290,weighted,1.0,single,p128_o256,128,256,0,1300,1497,1300,1497,GPU1300_CPU1497,25.38130385801196,54.10373940077775,13822.508619865403,256,18.52051657483378,627.122,44.794,45.977,2.4496953125,0.408214031719506,33.534,0.926,67.6,27.688098372891545,24.78692536457217,1.1511665610923423,,,,
2026-05-15T21:51:18.093471,weighted,1.0,single,p128_o256,128,256,1,1300,1497,1300,1497,GPU1300_CPU1497,28.3928201533854,54.03589128206173,13808.2069309894,256,18.53969898332461,1205.559,44.65,45.963,4.70921484375,0.21234962370153598,33.484,0.887,67.5,27.688098372891545,24.78692536457217,1.1511665610923423,,,,
2026-05-15T21:51:26.387320,weighted,1.0,single,p128_o256,128,256,2,1300,1497,1300,1497,GPU1300_CPU1497,28.773864032700658,29.22691355696788,7482.309119077399,256,34.21403686026352,340.63,45.417,47.76,1.3305859375,0.7515486011214514,34.211,0.878,67.6,27.688098372891545,24.78692536457217,1.1511665610923423,,,,
2026-05-15T21:51:59.919787,weighted,1.0,single,p1024_o512,1024,512,0,1300,1497,1300,1497,GPU1300_CPU1497,1040.465333033353,44.42550068075993,23743.266087956727,512,21.564008847952948,1063.856,45.27,47.064,2.07784375,0.48126814155299213,33.84,0.883,67.7,30.80307401251048,25.947949053070815,1.2129423828124999,,,,
2026-05-15T21:52:13.965829,weighted,1.0,single,p1024_o512,1024,512,1,1300,1497,1300,1497,GPU1300_CPU1497,32.05247502774,26.34958417993039,13234.77608896792,501,37.8548149686958,594.092,45.699,47.462,1.185812375249501,0.8433037307353071,34.333,0.798,67.7,30.80307401251048,25.947949053070815,1.2129423828124999,,,,
2026-05-15T21:52:26.194725,weighted,1.0,single,p1024_o512,1024,512,2,1300,1497,1300,1497,GPU1300_CPU1497,32.32273808680475,26.11042339322639,11418.087996076792,436,38.18502713850233,521.859,45.379,47.562,1.1969243119266055,0.835474716350585,34.093,0.798,67.7,30.80307401251048,25.947949053070815,1.2129423828124999,,,,
2026-05-15T21:52:36.000383,weighted,1.0,phase_aware,p128_o64,128,64,0,1300,1497,1300,1497,GPU1300_CPU1497,25.57608112692833,23.914205571932214,1582.351857982576,64,41.76586445639154,75.696,37.848,46.761,1.18275,0.8454872120059185,28.039,0.798,66.3,25.629453205813963,23.958434343397144,1.1779895833333334,GPU918_CPU1497,GPU1300_CPU1497,True,50.0
2026-05-15T21:52:38.744803,weighted,1.0,phase_aware,p128_o64,128,64,1,1300,1497,1300,1497,GPU1300_CPU1497,25.449268985539675,23.90837769896265,1581.860546208918,64,41.77925997140444,73.696,36.848,46.262,1.1515,0.8684324793747287,27.239,0.798,66.3,25.629453205813963,23.958434343397144,1.1779895833333334,GPU918_CPU1497,GPU1300_CPU1497,True,50.0
2026-05-15T21:52:41.490892,weighted,1.0,phase_aware,p128_o64,128,64,2,1300,1497,1300,1497,GPU1300_CPU1497,25.43106209486723,23.93281320479536,1583.380112145096,64,41.73785709954741,73.25,36.625,46.262,1.14453125,0.8737201365187713,27.042,0.798,66.3,25.629453205813963,23.958434343397144,1.1779895833333334,GPU918_CPU1497,GPU1300_CPU1497,True,50.0
2026-05-15T21:52:53.341276,weighted,1.0,phase_aware,p512_o128,512,128,0,1300,1497,1300,1497,GPU1300_CPU1497,223.48239202983677,26.529319802533806,3643.0513388011605,128,35.62431703041233,164.829,41.207,46.675,1.2877265625,0.7765623767662243,30.98,0.848,65.8,29.200936551205814,24.15321192403478,1.1553880208333334,GPU918_CPU1497,GPU1300_CPU1497,True,50.0
2026-05-15T21:52:57.957221,weighted,1.0,phase_aware,p512_o128,512,128,1,1300,1497,1300,1497,GPU1300_CPU1497,29.178394004702568,26.561589834580975,3452.846084209159,128,37.61557144590862,149.836,42.81,47.574,1.17059375,0.8542673322832963,31.983,1.083,65.9,29.200936551205814,24.15321192403478,1.1553880208333334,GPU918_CPU1497,GPU1300_CPU1497,True,50.0
2026-05-15T21:53:02.553606,weighted,1.0,phase_aware,p512_o128,512,128,2,1300,1497,1300,1497,GPU1300_CPU1497,29.03129393234849,26.40986723612671,3433.430149871856,128,37.831429741455686,149.536,42.725,46.675,1.16825,0.8559811684142948,32.154,0.798,65.9,29.200936551205814,24.15321192403478,1.1553880208333334,GPU918_CPU1497,GPU1300_CPU1497,True,50.0
2026-05-15T21:53:14.551624,weighted,1.0,phase_aware,p1024_o128,1024,128,0,1300,1497,1300,1497,GPU1300_CPU1497,553.1776200514287,24.984863683889348,3776.6064318828285,128,34.347603467031355,170.78,42.695,48.26,1.33421875,0.7495022836397705,32.227,0.798,65.3,30.458362074568868,24.028030288921485,1.1533046875000001,GPU918_CPU1497,GPU1300_CPU1497,True,50.0
2026-05-15T21:53:18.977453,weighted,1.0,phase_aware,p1024_o128,1024,128,1,1300,1497,1300,1497,GPU1300_CPU1497,31.75174887292087,25.04631348034939,3262.9783178679645,128,39.838426324936094,149.4,42.686,47.961,1.1671875,0.856760374832664,31.985,0.798,65.5,30.458362074568868,24.028030288921485,1.1533046875000001,GPU918_CPU1497,GPU1300_CPU1497,True,50.0
2026-05-15T21:53:23.421466,weighted,1.0,phase_aware,p1024_o128,1024,128,2,1300,1497,1300,1497,GPU1300_CPU1497,32.30603481642902,25.1840462369155,3281.028758920729,128,39.61586527095978,149.416,42.69,47.876,1.1673125,0.8566686298656101,31.99,0.798,65.5,30.458362074568868,24.028030288921485,1.1533046875000001,GPU918_CPU1497,GPU1300_CPU1497,True,50.0
2026-05-15T21:53:37.975000,weighted,1.0,phase_aware,p128_o256,128,256,0,1300,1497,1300,1497,GPU1300_CPU1497,25.604753056541085,24.93563869365436,6384.894540067762,256,40.094632478813516,293.034,45.082,47.675,1.1446640625,0.8736187609628917,34.168,0.798,65.3,27.688098372891545,24.399484515348387,1.14712890625,GPU1300_CPU1497,GPU1300_CPU1497,False,0.0
2026-05-15T21:53:45.603621,weighted,1.0,phase_aware,p128_o256,128,256,1,1300,1497,1300,1497,GPU1300_CPU1497,29.044026043266058,25.038828023289348,6414.621890988201,256,39.90882149416325,291.82,44.895,47.675,1.139921875,0.8772531012267837,33.958,0.798,65.6,27.688098372891545,24.399484515348387,1.14712890625,GPU1300_CPU1497,GPU1300_CPU1497,False,0.0
2026-05-15T21:53:53.228052,weighted,1.0,phase_aware,p128_o256,128,256,2,1300,1497,1300,1497,GPU1300_CPU1497,28.65798003040254,25.024530803784728,6410.563671030104,256,39.93408585221395,291.786,44.89,47.574,1.1397890625,0.8773553220510922,34.015,0.798,65.8,27.688098372891545,24.399484515348387,1.14712890625,GPU1300_CPU1497,GPU1300_CPU1497,False,0.0
2026-05-15T21:54:15.388907,weighted,1.0,phase_aware,p1024_o512,1024,512,0,1300,1497,1300,1497,GPU1300_CPU1497,553.2409830484539,26.251577600880495,13969.161602901295,512,36.652163855965505,637.972,45.569,48.159,1.2460390625,0.802543058316039,34.42,0.798,65.6,30.80307401251048,25.819457926321473,1.1924967447916668,GPU1300_CPU1497,GPU1300_CPU1497,False,0.0
2026-05-15T21:54:16.632934,weighted,1.0,phase_aware,p1024_o512,1024,512,1,1300,1497,1300,1497,GPU1300_CPU1497,32.164552016183734,32.164552016183734,32.164552016183734,0,0.0,6.497,12.994,12.994,0.0,0.0,7.188,0.798,65.1,30.80307401251048,25.819457926321473,1.1924967447916668,GPU1300_CPU1497,GPU1300_CPU1497,False,0.0
2026-05-15T21:54:30.426729,weighted,1.0,phase_aware,p1024_o512,1024,512,2,1300,1497,1300,1497,GPU1300_CPU1497,33.073632046580315,26.188061077237347,12578.574588987976,479,38.080626434361236,575.261,46.021,47.876,1.2009624217118997,0.8326655205202509,34.734,0.798,65.9,30.80307401251048,25.819457926321473,1.1924967447916668,GPU1300_CPU1497,GPU1300_CPU1497,False,0.0
2026-05-15T21:54:39.820722,baseline,-1.0,MAXN,p128_o64,128,64,0,1300,1497,1300,1497,MAXN,25.560395792126656,23.99939851140574,1537.708347896114,64,41.620376248567894,79.789,39.894,46.661,1.246703125,0.8021155798418328,29.834,0.798,65.0,0.0,0.0,0.0,,,,
2026-05-15T21:54:42.165100,baseline,-1.0,MAXN,p128_o64,128,64,1,1300,1497,1300,1497,MAXN,25.52856015972793,23.97415607738944,1536.088255001232,64,41.66427273408758,74.456,37.228,46.175,1.163375,0.8595680670463092,27.544,0.798,64.9,0.0,0.0,0.0,,,,
2026-05-15T21:54:44.509068,baseline,-1.0,MAXN,p128_o64,128,64,2,1300,1497,1300,1497,MAXN,25.530745973810554,23.945799603733043,1534.3000460416079,64,41.71283196211572,74.443,37.222,46.262,1.163171875,0.859718173636205,27.538,0.798,65.0,0.0,0.0,0.0,,,,
2026-05-15T21:54:48.911635,baseline,-1.0,MAXN,p512_o128,512,128,0,1300,1497,1300,1497,MAXN,223.84078800678253,26.530663820174265,3593.5793810058385,128,35.619082376906604,164.62,41.155,46.56,1.28609375,0.7775482930385129,31.028,0.798,65.2,0.0,0.0,0.0,,,,
2026-05-15T21:54:53.110844,baseline,-1.0,MAXN,p512_o128,512,128,1,1300,1497,1300,1497,MAXN,29.174268012866378,26.465532228746635,3390.6477740965784,128,37.7508985090924,150.641,43.04,46.661,1.1768828125,0.8497022722897485,32.441,0.798,65.2,0.0,0.0,0.0,,,,
2026-05-15T21:54:57.308586,baseline,-1.0,MAXN,p512_o128,512,128,2,1300,1497,1300,1497,MAXN,29.304713010787964,26.452415897767608,3389.100921107456,128,37.76812876914077,150.206,42.916,46.276,1.173484375,0.8521630294395697,32.331,0.798,65.4,0.0,0.0,0.0,,,,
2026-05-15T21:55:01.630854,baseline,-1.0,MAXN,p1024_o128,1024,128,0,1300,1497,1300,1497,MAXN,332.7634930610657,25.044962574955164,3513.8366860337555,128,36.42741864149641,152.172,43.478,48.26,1.18884375,0.8411534316431407,32.835,0.798,65.3,0.0,0.0,0.0,,,,
2026-05-15T21:55:05.655386,baseline,-1.0,MAXN,p1024_o128,1024,128,1,1300,1497,1300,1497,MAXN,31.693055061623454,25.067891511244802,3215.663369046524,128,39.80516158255497,150.812,43.089,47.876,1.17821875,0.8487388271490331,32.331,0.798,65.5,0.0,0.0,0.0,,,,
2026-05-15T21:55:09.677675,baseline,-1.0,MAXN,p1024_o128,1024,128,2,1300,1497,1300,1497,MAXN,31.839275965467095,25.05116707894687,3213.693971047178,128,39.829554759469325,150.748,43.071,47.861,1.17771875,0.8490991588611458,32.327,0.798,65.5,0.0,0.0,0.0,,,,
2026-05-15T21:55:16.890959,baseline,-1.0,MAXN,p128_o256,128,256,0,1300,1497,1300,1497,MAXN,28.594210045412183,24.998611015468544,6403.901017969474,256,39.97563348990855,292.084,44.936,48.559,1.140953125,0.8764601963818628,33.922,0.921,65.7,0.0,0.0,0.0,,,,
2026-05-15T21:55:24.120868,baseline,-1.0,MAXN,p128_o256,128,256,1,1300,1497,1300,1497,MAXN,28.441194910556078,25.064708738058222,6420.602917904034,256,39.871644964390605,294.022,45.234,47.775,1.1485234375,0.870683146159131,34.135,0.89,65.8,0.0,0.0,0.0,,,,
2026-05-15T21:55:30.608046,baseline,-1.0,MAXN,p128_o256,128,256,2,1300,1497,1300,1497,MAXN,28.563732048496604,24.87849111491567,5677.876466885209,227,39.979735614876546,263.747,43.958,47.66,1.1618810572687226,0.8606732967578777,32.99,0.998,66.0,0.0,0.0,0.0,,,,
2026-05-15T21:55:45.415413,baseline,-1.0,MAXN,p1024_o512,1024,512,0,1300,1497,1300,1497,MAXN,554.0363190229982,26.30351416250862,13996.47053796798,512,36.58065071555765,638.675,45.62,47.876,1.247412109375,0.8016596860688144,34.38,0.855,66.2,0.0,0.0,0.0,,,,
2026-05-15T21:55:52.432660,baseline,-1.0,MAXN,p1024_o512,1024,512,1,1300,1497,1300,1497,MAXN,32.081141136586666,25.41283645844164,6207.965970039368,243,39.143255805968764,290.646,44.715,47.961,1.196074074074074,0.8360686195578125,33.678,0.798,66.3,0.0,0.0,0.0,,,,
2026-05-15T21:56:03.762439,baseline,-1.0,MAXN,p1024_o512,1024,512,2,1300,1497,1300,1497,MAXN,31.764343846589327,25.89178856434577,10519.569862866774,405,38.499673017013464,486.226,46.307,47.976,1.200558024691358,0.8329459963062444,34.984,0.798,66.5,0.0,0.0,0.0,,,,
2026-05-15T21:56:15.434719,baseline,-1.0,Jetson_30W,p128_o64,128,64,0,612,1497,612,1497,Jetson_30W,44.60772895254195,42.302056714626296,2709.820315008983,64,23.61780212714504,68.264,22.755,24.41,1.066625,0.9375366225243175,13.573,0.798,64.4,0.0,0.0,0.0,,,,
2026-05-15T21:56:18.972576,baseline,-1.0,Jetson_30W,p128_o64,128,64,1,612,1497,612,1497,Jetson_30W,44.64328591711819,42.613190890748115,2729.4623819179833,64,23.4478410195298,66.006,22.002,24.309,1.03134375,0.9696088234402933,13.04,0.798,64.2,0.0,0.0,0.0,,,,
2026-05-15T21:56:22.512353,baseline,-1.0,Jetson_30W,p128_o64,128,64,2,612,1497,612,1497,Jetson_30W,44.724675826728344,42.64326623847915,2731.43448587507,64,23.43091160742093,65.71,21.904,24.011,1.02671875,0.9739765636889364,12.908,0.798,63.9,0.0,0.0,0.0,,,,
2026-05-15T21:56:29.747122,baseline,-1.0,Jetson_30W,p512_o128,512,128,0,612,1497,612,1497,Jetson_30W,441.7395980563015,47.11414863700121,6425.658605992794,128,19.920137039434795,146.396,22.522,23.815,1.14371875,0.8743408289843986,13.482,0.798,63.7,0.0,0.0,0.0,,,,
2026-05-15T21:56:36.591624,baseline,-1.0,Jetson_30W,p512_o128,512,128,1,612,1497,612,1497,Jetson_30W,50.806181970983744,47.12086574057132,6035.502371843904,128,21.20784519895645,136.334,22.722,23.81,1.065109375,0.9388707145686329,13.572,0.798,63.4,0.0,0.0,0.0,,,,
2026-05-15T21:56:43.425969,baseline,-1.0,Jetson_30W,p512_o128,512,128,2,612,1497,612,1497,Jetson_30W,193.23627999983728,47.029684524938105,6025.258409092203,125,20.745998181816265,136.34,22.723,23.81,1.0907200000000001,0.9168255831010709,13.606,0.798,63.1,0.0,0.0,0.0,,,,
2026-05-15T21:56:44.886706,baseline,-1.0,Jetson_30W,p1024_o128,1024,128,0,612,1497,612,1497,Jetson_30W,652.8776132036,652.8776132036,652.8776132036,0,0.0,14.8,14.8,15.501,0.0,0.0,8.184,0.798,62.7,0.0,0.0,0.0,,,,
2026-05-15T21:56:51.343569,baseline,-1.0,Jetson_30W,p1024_o128,1024,128,1,612,1497,612,1497,Jetson_30W,52.42136097513139,44.05084532304249,5647.228379966691,128,22.665986106401274,136.984,22.831,24.51,1.0701875,0.9344156981837294,13.54,0.798,62.7,0.0,0.0,0.0,,,,
2026-05-15T21:56:57.757287,baseline,-1.0,Jetson_30W,p1024_o128,1024,128,2,612,1497,612,1497,Jetson_30W,52.69183195196092,43.71224369259742,5604.503804119304,128,22.838774755745575,137.63,22.938,24.909,1.075234375,0.9300297900167115,13.672,0.798,62.5,0.0,0.0,0.0,,,,
2026-05-15T21:57:09.832573,baseline,-1.0,Jetson_30W,p128_o256,128,256,0,612,1497,612,1497,Jetson_30W,49.0056078415364,43.982031282183584,11265.084816841409,256,22.725084112751425,266.474,23.172,24.309,1.0409140625,0.9606941014883253,13.938,0.798,62.3,0.0,0.0,0.0,,,,
2026-05-15T21:57:21.932557,baseline,-1.0,Jetson_30W,p128_o256,128,256,1,612,1497,612,1497,Jetson_30W,48.6575469840318,44.07982980448972,11289.704947033897,256,22.67552617194464,267.158,23.231,24.694,1.0435859375,0.9582344530203101,14.007,0.815,62.0,0.0,0.0,0.0,,,,
2026-05-15T21:57:31.579196,baseline,-1.0,Jetson_30W,p128_o256,128,256,2,612,1497,612,1497,Jetson_30W,48.8452089484781,43.270746535289625,8836.763537023216,203,22.972211392722556,208.818,23.202,24.295,1.0286600985221674,0.9721384171862578,13.994,0.798,61.7,0.0,0.0,0.0,,,,
2026-05-15T21:57:51.570700,baseline,-1.0,Jetson_30W,p1024_o512,1024,512,0,612,1497,612,1497,Jetson_30W,1078.6418030038476,44.798774950358805,19179.4140660204,404,21.064251421306704,448.464,23.603,24.909,1.1100594059405942,0.9008526882871312,14.225,0.798,61.4,0.0,0.0,0.0,,,,
2026-05-15T21:58:15.609980,baseline,-1.0,Jetson_30W,p1024_o512,1024,512,1,612,1497,612,1497,Jetson_30W,52.079040091484785,45.346339168063494,23225.404873024672,512,22.044825603650356,549.868,23.907,24.51,1.0739609375,0.9311325627241446,14.388,0.798,61.1,0.0,0.0,0.0,,,,
2026-05-15T21:58:39.629837,baseline,-1.0,Jetson_30W,p1024_o512,1024,512,2,612,1497,612,1497,Jetson_30W,52.76806908659637,45.30741367534663,23206.293339142576,512,22.0629806112292,549.616,23.896,24.396,1.07346875,0.9315594888067306,14.388,0.798,60.8,0.0,0.0,0.0,,,,
2026-05-15T21:58:56.201828,baseline,-1.0,Energy_Min,p128_o64,128,64,0,306,1036,306,1036,Energy_Min,82.86326797679067,80.66208599992687,5164.829468121752,64,12.39150302929059,89.226,16.223,16.915,1.39415625,0.717279716674512,8.419,0.58,59.4,0.0,0.0,0.0,,,,
2026-05-15T21:59:02.178508,baseline,-1.0,Energy_Min,p128_o64,128,64,1,306,1036,306,1036,Energy_Min,82.84620684571564,80.67050433555056,5165.346889989451,64,12.390261750674156,87.227,15.859,16.619,1.362921875,0.7337177708736974,8.311,0.399,59.1,0.0,0.0,0.0,,,,
2026-05-15T21:59:08.153945,baseline,-1.0,Energy_Min,p128_o64,128,64,2,306,1036,306,1036,Energy_Min,83.14371318556368,80.65420341130996,5164.618814131245,64,12.392008452760443,87.623,15.931,17.015,1.369109375,0.7304018351346108,8.311,0.472,59.0,0.0,0.0,0.0,,,,
2026-05-15T21:59:21.199845,baseline,-1.0,Energy_Min,p512_o128,512,128,0,306,1036,306,1036,Energy_Min,843.8837809953839,89.6729074572543,12232.832584995776,128,10.46364356829332,194.425,16.202,17.318,1.5189453125,0.6583515494406583,8.516,0.532,58.7,0.0,0.0,0.0,,,,
2026-05-15T21:59:33.479290,baseline,-1.0,Energy_Min,p512_o128,512,128,1,306,1036,306,1036,Energy_Min,93.399025965482,89.54746915782823,11466.424332931638,128,11.163026614354681,185.666,16.145,16.519,1.450515625,0.6894100158348863,8.557,0.399,58.3,0.0,0.0,0.0,,,,
2026-05-15T21:59:45.747484,baseline,-1.0,Energy_Min,p512_o128,512,128,2,306,1036,306,1036,Energy_Min,93.42459519393742,89.46150195909532,11455.533634172752,128,11.173639228657667,185.364,16.119,16.516,1.44815625,0.6905332211216849,8.539,0.399,58.1,0.0,0.0,0.0,,,,
2026-05-15T21:59:47.801606,baseline,-1.0,Energy_Min,p1024_o128,1024,128,0,306,1036,306,1036,Energy_Min,1244.639464886859,1244.639464886859,1244.639464886859,0,0.0,18.802,12.534,13.405,0.0,0.0,6.521,0.399,57.7,0.0,0.0,0.0,,,,
2026-05-15T21:59:59.254728,baseline,-1.0,Energy_Min,p1024_o128,1024,128,1,306,1036,306,1036,Energy_Min,95.61030496843159,83.0274501808105,10640.60811093077,128,12.029387668972559,174.613,16.63,17.12,1.3641640625,0.7330496583874053,8.801,0.399,57.8,0.0,0.0,0.0,,,,
2026-05-15T22:00:10.724365,baseline,-1.0,Energy_Min,p1024_o128,1024,128,2,306,1036,306,1036,Energy_Min,93.79892400465906,83.17166708013791,10657.098161056638,128,12.010774233809718,173.167,16.492,17.116,1.3528671875,0.7391708581889159,8.649,0.399,57.6,0.0,0.0,0.0,,,,
2026-05-15T22:00:33.109469,baseline,-1.0,Energy_Min,p128_o256,128,256,0,306,1036,306,1036,Energy_Min,258.41598701663315,204.90474613437144,21569.446401903406,105,4.867996982562066,344.112,16.386,16.619,3.277257142857143,0.30513321244246056,8.678,0.399,57.4,0.0,0.0,0.0,,,,
2026-05-15T22:00:55.419788,baseline,-1.0,Energy_Min,p128_o256,128,256,1,306,1036,306,1036,Energy_Min,88.54492288082838,83.93978844670688,21494.1431179177,256,11.910221244716483,345.471,16.451,17.519,1.34949609375,0.741017335753218,8.697,0.428,57.0,0.0,0.0,0.0,,,,
2026-05-15T22:01:17.742261,baseline,-1.0,Energy_Min,p128_o256,128,256,2,306,1036,306,1036,Energy_Min,88.8679709751159,83.98660915246343,21506.412736838683,256,11.903426346946901,345.036,16.43,16.918,1.347796875,0.7419515644744317,8.698,0.418,56.7,0.0,0.0,0.0,,,,
2026-05-15T22:02:04.622079,baseline,-1.0,Energy_Min,p1024_o512,1024,512,0,306,1036,306,1036,Energy_Min,2053.4046010579914,86.10862143813412,46056.89780600369,512,11.116684457485517,746.188,16.582,18.014,1.4573984375,0.6861541595415632,8.738,0.417,56.3,0.0,0.0,0.0,,,,
2026-05-15T22:02:49.567773,baseline,-1.0,Energy_Min,p1024_o512,1024,512,1,306,1036,306,1036,Energy_Min,94.81472382321954,86.15663866949889,44122.80260398984,512,11.603977303873757,719.458,16.732,17.616,1.40519140625,0.7116468230251106,8.783,0.455,55.9,0.0,0.0,0.0,,,,
2026-05-15T22:03:34.513926,baseline,-1.0,Energy_Min,p1024_o512,1024,512,2,306,1036,306,1036,Energy_Min,94.72288796678185,86.15843259908054,44123.624094063416,512,11.6037612619605,726.102,16.886,17.515,1.41816796875,0.7051350912130803,8.983,0.408,55.6,0.0,0.0,0.0,,,,
