timestamp,config_name,gpu_freq_mhz,cpu_freq_mhz,target_gpu_freq_mhz,target_cpu_freq_mhz,workload,prompt_length,output_length,repeat,ttft_ms,tpot_ms,total_time_ms,output_tokens,tokens_per_second,model,runtime
2026-05-13T04:29:40.836887,GPU306_CPU1036,306,1036,306,1036,short_short,128,64,0,188.82016208954155,187.1490631592534,11979.480642126873,64,5.342468668878557,Phi-3-mini-Q4,llama.cpp-0.3.22
2026-05-13T04:29:52.815063,GPU306_CPU1036,306,1036,306,1036,short_short,128,64,1,188.73760616406798,187.11533866423582,11977.275714976713,64,5.343452177524197,Phi-3-mini-Q4,llama.cpp-0.3.22
2026-05-13T04:30:04.779597,GPU306_CPU1036,306,1036,306,1036,short_short,128,64,2,188.47214081324637,186.9033615415295,11963.646763004363,64,5.3495394228714295,Phi-3-mini-Q4,llama.cpp-0.3.22
2026-05-13T04:30:53.369654,GPU306_CPU1036,306,1036,306,1036,short_long,128,256,0,188.16638900898397,189.80409839994036,48589.12369492464,256,5.268668799366316,Phi-3-mini-Q4,llama.cpp-0.3.22
2026-05-13T04:31:41.967056,GPU306_CPU1036,306,1036,306,1036,short_long,128,256,1,189.9559369776398,189.82580935253816,48596.490878844634,256,5.267870073957207,Phi-3-mini-Q4,llama.cpp-0.3.22
2026-05-13T04:32:30.597174,GPU306_CPU1036,306,1036,306,1036,short_long,128,256,2,750.6284019909799,194.62439641488973,48629.172020126134,247,5.079255717078099,Phi-3-mini-Q4,llama.cpp-0.3.22
2026-05-13T04:33:03.363336,GPU306_CPU1036,306,1036,306,1036,medium_medium,512,128,0,8488.789988914505,194.20745325647295,32765.217447886243,126,3.845541394633062,Phi-3-mini-Q4,llama.cpp-0.3.22
2026-05-13T04:33:28.236131,GPU306_CPU1036,306,1036,306,1036,medium_medium,512,128,1,197.46819185093045,194.28233037827405,24871.84932595119,128,5.146380485123207,Phi-3-mini-Q4,llama.cpp-0.3.22
2026-05-13T04:33:53.111800,GPU306_CPU1036,306,1036,306,1036,medium_medium,512,128,2,197.3377380054444,194.3062190241437,24874.72405890003,128,5.145785725980842,Phi-3-mini-Q4,llama.cpp-0.3.22
2026-05-13T04:34:04.097780,GPU306_CPU1036,306,1036,306,1036,long_medium,1024,128,0,10985.267787938938,10985.267787938938,10985.267787938938,0,0.0,Phi-3-mini-Q4,llama.cpp-0.3.22
2026-05-13T04:34:30.488741,GPU306_CPU1036,306,1036,306,1036,long_medium,1024,128,1,208.8424467947334,206.1474984016739,26390.084623824805,128,4.850306538405049,Phi-3-mini-Q4,llama.cpp-0.3.22
2026-05-13T04:34:56.852459,GPU306_CPU1036,306,1036,306,1036,long_medium,1024,128,2,209.22085200436413,205.92950848041204,26362.789988983423,128,4.855328288602576,Phi-3-mini-Q4,llama.cpp-0.3.22
2026-05-13T04:35:55.834679,GPU306_CPU1036,306,1036,306,1036,long_long,1024,512,0,209.41225602291524,209.873349716266,58981.2532060314,280,4.7472711205696685,Phi-3-mini-Q4,llama.cpp-0.3.22
2026-05-13T04:37:46.794728,GPU306_CPU1036,306,1036,306,1036,long_long,1024,512,1,210.09393222630024,216.72608158296,110959.0231240727,512,4.614316038340473,Phi-3-mini-Q4,llama.cpp-0.3.22
2026-05-13T04:37:47.004170,GPU306_CPU1036,306,1036,306,1036,long_long,1024,512,2,208.740693051368,208.740693051368,208.740693051368,0,0.0,Phi-3-mini-Q4,llama.cpp-0.3.22
2026-05-13T04:38:10.378333,GPU306_CPU1497,306,1497,306,1497,short_short,128,64,0,135.13502688147128,134.03588844581492,8579.583547078073,64,7.4595695290823665,Phi-3-mini-Q4,llama.cpp-0.3.22
2026-05-13T04:38:18.954325,GPU306_CPU1497,306,1497,306,1497,short_short,128,64,1,135.16560685820878,133.9674947620739,8575.300173833966,64,7.463295593463287,Phi-3-mini-Q4,llama.cpp-0.3.22
2026-05-13T04:38:27.526364,GPU306_CPU1497,306,1497,306,1497,short_short,128,64,2,134.88384103402495,133.90918511025134,8571.347492048517,64,7.46673729648362,Phi-3-mini-Q4,llama.cpp-0.3.22
2026-05-13T04:39:02.374203,GPU306_CPU1497,306,1497,306,1497,short_long,128,256,0,134.98913892544806,136.12327495334196,34847.082543885335,256,7.346382575287373,Phi-3-mini-Q4,llama.cpp-0.3.22
2026-05-13T04:39:37.262754,GPU306_CPU1497,306,1497,306,1497,short_long,128,256,1,135.8933039009571,136.27944813730815,34887.794679030776,256,7.3378097513818545,Phi-3-mini-Q4,llama.cpp-0.3.22
2026-05-13T04:40:12.144438,GPU306_CPU1497,306,1497,306,1497,short_long,128,256,2,136.06705097481608,136.25177385048102,34880.94581896439,256,7.339250527456041,Phi-3-mini-Q4,llama.cpp-0.3.22
2026-05-13T04:40:17.692017,GPU306_CPU1497,306,1497,306,1497,medium_medium,512,128,0,5547.025254927576,5547.025254927576,5547.025254927576,0,0.0,Phi-3-mini-Q4,llama.cpp-0.3.22
2026-05-13T04:40:35.621530,GPU306_CPU1497,306,1497,306,1497,medium_medium,512,128,1,426.5640410594642,277.80868679225915,17928.83690306917,64,3.5696682582373254,Phi-3-mini-Q4,llama.cpp-0.3.22
2026-05-13T04:40:53.552609,GPU306_CPU1497,306,1497,306,1497,medium_medium,512,128,2,142.71473698318005,140.05760904071545,17930.37850316614,128,7.138722697761111,Phi-3-mini-Q4,llama.cpp-0.3.22
2026-05-13T04:41:01.044751,GPU306_CPU1497,306,1497,306,1497,long_medium,1024,128,0,7491.591204889119,7491.591204889119,7491.591204889119,0,0.0,Phi-3-mini-Q4,llama.cpp-0.3.22
2026-05-13T04:41:20.344936,GPU306_CPU1497,306,1497,306,1497,long_medium,1024,128,1,150.78457305207849,150.7730696214671,19299.316344084218,128,6.632359287650911,Phi-3-mini-Q4,llama.cpp-0.3.22
2026-05-13T04:41:20.497807,GPU306_CPU1497,306,1497,306,1497,long_medium,1024,128,2,152.34017092734575,152.34017092734575,152.34017092734575,0,0.0,Phi-3-mini-Q4,llama.cpp-0.3.22
2026-05-13T04:42:41.495768,GPU306_CPU1497,306,1497,306,1497,long_long,1024,512,0,151.4245409052819,158.20819033863873,80997.12465889752,512,6.321212044948275,Phi-3-mini-Q4,llama.cpp-0.3.22
2026-05-13T04:42:41.647752,GPU306_CPU1497,306,1497,306,1497,long_long,1024,512,1,151.409582933411,151.409582933411,151.409582933411,0,0.0,Phi-3-mini-Q4,llama.cpp-0.3.22
2026-05-13T04:42:41.798449,GPU306_CPU1497,306,1497,306,1497,long_long,1024,512,2,150.1694149337709,150.1694149337709,150.1694149337709,0,0.0,Phi-3-mini-Q4,llama.cpp-0.3.22
2026-05-13T04:43:00.691505,GPU306_CPU2201,306,2201,306,2201,short_short,128,64,0,99.47881498374045,98.97141623872496,6334.808211075142,64,10.102910438252705,Phi-3-mini-Q4,llama.cpp-0.3.22
2026-05-13T04:43:07.037098,GPU306_CPU2201,306,2201,306,2201,short_short,128,64,1,99.53864989802241,99.13202161930265,6344.9877528473735,64,10.086701896513416,Phi-3-mini-Q4,llama.cpp-0.3.22
2026-05-13T04:43:13.388686,GPU306_CPU2201,306,2201,306,2201,short_short,128,64,2,100.7390080485493,99.20796325489405,6350.9764350019395,64,10.077190595020756,Phi-3-mini-Q4,llama.cpp-0.3.22
2026-05-13T04:43:39.278186,GPU306_CPU2201,306,2201,306,2201,short_long,128,256,0,99.66308902949095,101.13231756030491,25888.850874034688,256,9.888426537183854,Phi-3-mini-Q4,llama.cpp-0.3.22
2026-05-13T04:44:03.643466,GPU306_CPU2201,306,2201,306,2201,short_long,128,256,1,100.77486094087362,100.66332189599052,24364.646950969473,241,9.891380756921272,Phi-3-mini-Q4,llama.cpp-0.3.22
2026-05-13T04:44:29.500573,GPU306_CPU2201,306,2201,306,2201,short_long,128,256,2,100.44727101922035,101.00231326970399,25856.48847394623,256,9.90080305212184,Phi-3-mini-Q4,llama.cpp-0.3.22
2026-05-13T04:44:46.475265,GPU306_CPU2201,306,2201,306,2201,medium_medium,512,128,0,3740.0868139229715,104.20278415054553,16974.084044108167,128,7.540907637041527,Phi-3-mini-Q4,llama.cpp-0.3.22
2026-05-13T04:44:46.581234,GPU306_CPU2201,306,2201,306,2201,medium_medium,512,128,1,105.54449097253382,105.54449097253382,105.54449097253382,0,0.0,Phi-3-mini-Q4,llama.cpp-0.3.22
2026-05-13T04:44:46.687138,GPU306_CPU2201,306,2201,306,2201,medium_medium,512,128,2,105.48794898204505,105.48794898204505,105.48794898204505,0,0.0,Phi-3-mini-Q4,llama.cpp-0.3.22
2026-05-13T04:45:06.479639,GPU306_CPU2201,306,2201,306,2201,long_medium,1024,128,0,5152.131238952279,115.27187079484538,19791.90196096897,128,6.4672915343065585,Phi-3-mini-Q4,llama.cpp-0.3.22
2026-05-13T04:45:20.849420,GPU306_CPU2201,306,2201,306,2201,long_medium,1024,128,1,113.31069306470454,112.24906500722246,14369.189271936193,128,8.907948637714094,Phi-3-mini-Q4,llama.cpp-0.3.22
2026-05-13T04:45:35.208510,GPU306_CPU2201,306,2201,306,2201,long_medium,1024,128,2,113.3527650963515,112.16455538515149,14358.489918056875,128,8.914586473263489,Phi-3-mini-Q4,llama.cpp-0.3.22
2026-05-13T04:46:35.976004,GPU306_CPU2201,306,2201,306,2201,long_long,1024,512,0,113.56808198615909,118.69342649882248,60766.82516396977,512,8.425649992713097,Phi-3-mini-Q4,llama.cpp-0.3.22
2026-05-13T04:47:35.104839,GPU306_CPU2201,306,2201,306,2201,long_long,1024,512,1,113.29676397144794,117.7843447602354,59128.08636203408,501,8.473130635962711,Phi-3-mini-Q4,llama.cpp-0.3.22
2026-05-13T04:48:35.530560,GPU306_CPU2201,306,2201,306,2201,long_long,1024,512,2,113.40742604807019,118.02494254395177,60425.05234316923,512,8.473306685647898,Phi-3-mini-Q4,llama.cpp-0.3.22
2026-05-13T04:49:03.039130,GPU612_CPU1036,612,1036,612,1036,short_short,128,64,0,187.3884629458189,186.0577103955346,11909.285333007574,64,5.373958068047852,Phi-3-mini-Q4,llama.cpp-0.3.22
2026-05-13T04:49:14.944673,GPU612_CPU1036,612,1036,612,1036,short_short,128,64,1,187.36362596973777,185.98444357381337,11904.640909982845,64,5.376054639861643,Phi-3-mini-Q4,llama.cpp-0.3.22
2026-05-13T04:49:26.846412,GPU612_CPU1036,612,1036,612,1036,short_short,128,64,2,187.15869588777423,185.9275656382716,11900.856958003715,64,5.377763990092991,Phi-3-mini-Q4,llama.cpp-0.3.22
2026-05-13T04:50:15.131522,GPU612_CPU1036,612,1036,612,1036,short_long,128,256,0,187.35855794511735,188.61114536046836,48284.12770899013,256,5.301949359899791,Phi-3-mini-Q4,llama.cpp-0.3.22
2026-05-13T04:51:03.483269,GPU612_CPU1036,612,1036,612,1036,short_long,128,256,1,188.85338306427002,188.86687499197092,48350.84539698437,256,5.294633380204902,Phi-3-mini-Q4,llama.cpp-0.3.22
2026-05-13T04:51:44.876592,GPU612_CPU1036,612,1036,612,1036,short_long,128,256,2,746.4172239415348,190.80521640552314,41392.375093884766,213,5.145875285408985,Phi-3-mini-Q4,llama.cpp-0.3.22
2026-05-13T04:52:17.626728,GPU612_CPU1036,612,1036,612,1036,medium_medium,512,128,0,8082.9759479966015,194.21855295186964,32749.2292819079,128,3.9084889265077383,Phi-3-mini-Q4,llama.cpp-0.3.22
2026-05-13T04:52:17.824817,GPU612_CPU1036,612,1036,612,1036,medium_medium,512,128,1,197.4329890217632,197.4329890217632,197.4329890217632,0,0.0,Phi-3-mini-Q4,llama.cpp-0.3.22
2026-05-13T04:52:42.668041,GPU612_CPU1036,612,1036,612,1036,medium_medium,512,128,2,197.71730294451118,194.04772259881648,24842.269039014354,128,5.152508404082502,Phi-3-mini-Q4,llama.cpp-0.3.22
2026-05-13T04:52:53.630489,GPU612_CPU1036,612,1036,612,1036,long_medium,1024,128,0,10961.757346987724,10961.757346987724,10961.757346987724,0,0.0,Phi-3-mini-Q4,llama.cpp-0.3.22
2026-05-13T04:52:53.841325,GPU612_CPU1036,612,1036,612,1036,long_medium,1024,128,1,210.18972410820425,210.18972410820425,210.18972410820425,0,0.0,Phi-3-mini-Q4,llama.cpp-0.3.22
2026-05-13T04:53:20.388830,GPU612_CPU1036,612,1036,612,1036,long_medium,1024,128,2,207.99252204596996,207.38691591298368,26546.6313760262,128,4.821704049260072,Phi-3-mini-Q4,llama.cpp-0.3.22
2026-05-13T04:54:55.236666,GPU612_CPU1036,612,1036,612,1036,long_long,1024,512,0,208.80158385261893,215.06485387954461,94846.81390179321,440,4.639059362137216,Phi-3-mini-Q4,llama.cpp-0.3.22
2026-05-13T04:56:45.627838,GPU612_CPU1036,612,1036,612,1036,long_long,1024,512,1,209.39101302064955,215.61401429332778,110390.06673707627,512,4.638098473293491,Phi-3-mini-Q4,llama.cpp-0.3.22
2026-05-13T04:58:23.123954,GPU612_CPU1036,612,1036,612,1036,long_long,1024,512,2,209.109844872728,216.64758914058828,97495.07304187864,449,4.605360927388953,Phi-3-mini-Q4,llama.cpp-0.3.22
2026-05-13T04:58:46.513291,GPU612_CPU1497,612,1497,612,1497,short_short,128,64,0,135.32872404903173,134.1090153954509,8584.38226301223,64,7.455399589526506,Phi-3-mini-Q4,llama.cpp-0.3.22
2026-05-13T04:58:55.081701,GPU612_CPU1497,612,1497,612,1497,short_short,128,64,1,135.09791903197765,133.84752106364994,8567.681249929592,64,7.469932427811311,Phi-3-mini-Q4,llama.cpp-0.3.22
2026-05-13T04:59:03.635564,GPU612_CPU1497,612,1497,612,1497,short_short,128,64,2,134.92269697599113,133.61912693769213,8553.119502961636,64,7.482650041056847,Phi-3-mini-Q4,llama.cpp-0.3.22
2026-05-13T04:59:38.397745,GPU612_CPU1497,612,1497,612,1497,short_long,128,256,0,135.36460394971073,135.7857169957795,34761.38893608004,256,7.36449284206503,Phi-3-mini-Q4,llama.cpp-0.3.22
2026-05-13T05:00:13.158466,GPU612_CPU1497,612,1497,612,1497,short_long,128,256,1,135.48642210662365,135.77974284268623,34759.97470295988,256,7.364792471445645,Phi-3-mini-Q4,llama.cpp-0.3.22
2026-05-13T05:00:47.937209,GPU612_CPU1497,612,1497,612,1497,short_long,128,256,2,135.32297196798027,135.85106192941905,34777.99464389682,256,7.360976462883129,Phi-3-mini-Q4,llama.cpp-0.3.22
2026-05-13T05:00:53.479837,GPU612_CPU1497,612,1497,612,1497,medium_medium,512,128,0,5542.070469120517,5542.070469120517,5542.070469120517,0,0.0,Phi-3-mini-Q4,llama.cpp-0.3.22
2026-05-13T05:00:53.624348,GPU612_CPU1497,612,1497,612,1497,medium_medium,512,128,1,143.99112109094858,143.99112109094858,143.99112109094858,0,0.0,Phi-3-mini-Q4,llama.cpp-0.3.22
2026-05-13T05:01:11.549000,GPU612_CPU1497,612,1497,612,1497,medium_medium,512,128,2,142.09355507045984,140.01145551171828,17923.900116002187,128,7.141302906822357,Phi-3-mini-Q4,llama.cpp-0.3.22
2026-05-13T05:01:19.100340,GPU612_CPU1497,612,1497,612,1497,long_medium,1024,128,0,7550.759221892804,7550.759221892804,7550.759221892804,0,0.0,Phi-3-mini-Q4,llama.cpp-0.3.22
2026-05-13T05:01:19.252197,GPU612_CPU1497,612,1497,612,1497,long_medium,1024,128,1,151.34131792001426,151.34131792001426,151.34131792001426,0,0.0,Phi-3-mini-Q4,llama.cpp-0.3.22
2026-05-13T05:01:38.355598,GPU612_CPU1497,612,1497,612,1497,long_medium,1024,128,2,150.42231208644807,149.22750320498224,19102.664083009586,128,6.700636070643497,Phi-3-mini-Q4,llama.cpp-0.3.22
2026-05-13T05:02:52.168965,GPU612_CPU1497,612,1497,612,1497,long_long,1024,512,0,150.7502500899136,155.72028117791072,73812.51878803596,473,6.4081270733802285,Phi-3-mini-Q4,llama.cpp-0.3.22
2026-05-13T05:04:12.318336,GPU612_CPU1497,612,1497,612,1497,long_long,1024,512,1,150.86914994753897,156.54852641281653,80148.50402600132,512,6.388141690503667,Phi-3-mini-Q4,llama.cpp-0.3.22
2026-05-13T05:05:32.563733,GPU612_CPU1497,612,1497,612,1497,long_long,1024,512,2,151.5136701054871,156.73518123664692,80244.52384700999,512,6.380497701951007,Phi-3-mini-Q4,llama.cpp-0.3.22
2026-05-13T05:05:51.467938,GPU612_CPU2201,612,2201,612,2201,short_short,128,64,0,99.71566195599735,99.10973237960467,6343.778528971598,64,10.088624580400534,Phi-3-mini-Q4,llama.cpp-0.3.22
2026-05-13T05:05:57.804949,GPU612_CPU2201,612,2201,612,2201,short_short,128,64,1,99.60739593952894,98.99381412902758,6336.352949030697,64,10.100447452156274,Phi-3-mini-Q4,llama.cpp-0.3.22
2026-05-13T05:06:04.143750,GPU612_CPU2201,612,2201,612,2201,short_short,128,64,2,99.7320229653269,99.02027242683938,6338.141792919487,64,10.097596754855843,Phi-3-mini-Q4,llama.cpp-0.3.22
2026-05-13T05:06:30.026818,GPU612_CPU2201,612,2201,612,2201,short_long,128,256,0,99.45364412851632,101.10786164307272,25882.410197984427,256,9.890887210339313,Phi-3-mini-Q4,llama.cpp-0.3.22
2026-05-13T05:06:55.913928,GPU612_CPU2201,612,2201,612,2201,short_long,128,256,1,100.5240180529654,101.11940680802161,25886.43025397323,256,9.889351196297424,Phi-3-mini-Q4,llama.cpp-0.3.22
2026-05-13T05:06:57.604172,GPU612_CPU2201,612,2201,612,2201,short_long,128,256,2,100.24186503142118,99.34612726792693,1689.614845905453,16,9.469613763618247,Phi-3-mini-Q4,llama.cpp-0.3.22
2026-05-13T05:07:14.603067,GPU612_CPU2201,612,2201,612,2201,medium_medium,512,128,0,3759.1549039352685,104.24580253172843,16998.22653713636,127,7.471367658416635,Phi-3-mini-Q4,llama.cpp-0.3.22
2026-05-13T05:07:27.955045,GPU612_CPU2201,612,2201,612,2201,medium_medium,512,128,1,105.30302999541163,104.29750753595955,13351.328693097457,128,9.587060804380847,Phi-3-mini-Q4,llama.cpp-0.3.22
2026-05-13T05:07:28.061404,GPU612_CPU2201,612,2201,612,2201,medium_medium,512,128,2,105.88194406591356,105.88194406591356,105.88194406591356,0,0.0,Phi-3-mini-Q4,llama.cpp-0.3.22
2026-05-13T05:07:47.387275,GPU612_CPU2201,612,2201,612,2201,long_medium,1024,128,0,5097.683989210054,112.02577736199372,19325.20788698457,128,6.623473379875377,Phi-3-mini-Q4,llama.cpp-0.3.22
2026-05-13T05:08:01.872998,GPU612_CPU2201,612,2201,612,2201,long_medium,1024,128,1,112.85671684890985,113.16492544179123,14485.057477839291,128,8.836692584466949,Phi-3-mini-Q4,llama.cpp-0.3.22
2026-05-13T05:08:01.986470,GPU612_CPU2201,612,2201,612,2201,long_medium,1024,128,2,112.9946110304445,112.9946110304445,112.9946110304445,0,0.0,Phi-3-mini-Q4,llama.cpp-0.3.22
2026-05-13T05:08:02.099739,GPU612_CPU2201,612,2201,612,2201,long_long,1024,512,0,112.77179699391127,112.77179699391127,112.77179699391127,0,0.0,Phi-3-mini-Q4,llama.cpp-0.3.22
2026-05-13T05:09:03.251938,GPU612_CPU2201,612,2201,612,2201,long_long,1024,512,1,112.67410195432603,119.44797692762108,61151.49842901155,512,8.37264847392679,Phi-3-mini-Q4,llama.cpp-0.3.22
2026-05-13T05:09:03.365057,GPU612_CPU2201,612,2201,612,2201,long_long,1024,512,2,112.6580040436238,112.6580040436238,112.6580040436238,0,0.0,Phi-3-mini-Q4,llama.cpp-0.3.22
2026-05-13T05:09:33.658854,GPU918_CPU1036,918,1036,918,1036,short_short,128,64,0,187.29215394705534,186.00727049338204,11906.014128122479,64,5.375434575441117,Phi-3-mini-Q4,llama.cpp-0.3.22
2026-05-13T05:09:45.560948,GPU918_CPU1036,918,1036,918,1036,short_short,128,64,1,187.381437048316,185.92895528612038,11901.17092919536,64,5.377622116408595,Phi-3-mini-Q4,llama.cpp-0.3.22
2026-05-13T05:09:57.469423,GPU918_CPU1036,918,1036,918,1036,short_short,128,64,2,188.09400801546872,186.01919993359064,11907.56494505331,64,5.374734489824231,Phi-3-mini-Q4,llama.cpp-0.3.22
2026-05-13T05:10:45.833396,GPU918_CPU1036,918,1036,918,1036,short_long,128,256,0,187.43661302141845,188.91995341571814,48362.96545807272,256,5.2933065120238325,Phi-3-mini-Q4,llama.cpp-0.3.22
2026-05-13T05:11:34.149955,GPU918_CPU1036,918,1036,918,1036,short_long,128,256,1,188.6462529655546,188.72945012579507,48315.58978301473,256,5.298496844386993,Phi-3-mini-Q4,llama.cpp-0.3.22
2026-05-13T05:12:22.484032,GPU918_CPU1036,918,1036,918,1036,short_long,128,256,2,188.34372889250517,188.7991640789836,48333.066459978,256,5.296580969303484,Phi-3-mini-Q4,llama.cpp-0.3.22
2026-05-13T05:12:55.475180,GPU918_CPU1036,918,1036,918,1036,medium_medium,512,128,0,8644.309603143483,386.43606999770753,32990.24831014685,64,1.9399672108656254,Phi-3-mini-Q4,llama.cpp-0.3.22
2026-05-13T05:13:20.367807,GPU918_CPU1036,918,1036,918,1036,medium_medium,512,128,1,586.1255689524114,194.4404689837247,24891.685848124325,126,5.061931151179723,Phi-3-mini-Q4,llama.cpp-0.3.22
2026-05-13T05:13:22.312717,GPU918_CPU1036,918,1036,918,1036,medium_medium,512,128,2,196.82307494804263,194.1608642518986,1944.015950895846,9,4.629591642935131,Phi-3-mini-Q4,llama.cpp-0.3.22
2026-05-13T05:13:33.427915,GPU918_CPU1036,918,1036,918,1036,long_medium,1024,128,0,11114.434753078967,11114.434753078967,11114.434753078967,0,0.0,Phi-3-mini-Q4,llama.cpp-0.3.22
2026-05-13T05:13:59.971948,GPU918_CPU1036,918,1036,918,1036,long_medium,1024,128,1,211.35845896787941,207.33277246495342,26543.12580288388,128,4.822340855804291,Phi-3-mini-Q4,llama.cpp-0.3.22
2026-05-13T05:14:26.340525,GPU918_CPU1036,918,1036,918,1036,long_medium,1024,128,2,209.63933714665473,205.96452795269744,26367.664107121527,128,4.854430770961962,Phi-3-mini-Q4,llama.cpp-0.3.22
2026-05-13T05:16:16.849408,GPU918_CPU1036,918,1036,918,1036,long_long,1024,512,0,208.015289157629,215.8468837276604,110507.72388302721,512,4.633160307798518,Phi-3-mini-Q4,llama.cpp-0.3.22
2026-05-13T05:18:06.642893,GPU918_CPU1036,918,1036,918,1036,long_long,1024,512,1,210.0569021422416,214.44301809176963,109792.33172512613,512,4.663349361063147,Phi-3-mini-Q4,llama.cpp-0.3.22
2026-05-13T05:18:06.852928,GPU918_CPU1036,918,1036,918,1036,long_long,1024,512,2,209.33161093853414,209.33161093853414,209.33161093853414,0,0.0,Phi-3-mini-Q4,llama.cpp-0.3.22
2026-05-13T05:18:30.228175,GPU918_CPU1497,918,1497,918,1497,short_short,128,64,0,134.8596268799156,133.95910707878926,8574.472297914326,64,7.464016183895947,Phi-3-mini-Q4,llama.cpp-0.3.22
2026-05-13T05:18:38.811756,GPU918_CPU1497,918,1497,918,1497,short_short,128,64,1,134.82954096980393,134.0921659998241,8582.825916120782,64,7.456751497171966,Phi-3-mini-Q4,llama.cpp-0.3.22
2026-05-13T05:18:47.400919,GPU918_CPU1497,918,1497,918,1497,short_short,128,64,2,134.99554991722107,134.17793736453095,8588.396288920194,64,7.45191510114243,Phi-3-mini-Q4,llama.cpp-0.3.22
2026-05-13T05:19:22.330009,GPU918_CPU1497,918,1497,918,1497,short_long,128,256,0,134.75228496827185,136.44252404680148,34928.26294596307,256,7.329308084861057,Phi-3-mini-Q4,llama.cpp-0.3.22
2026-05-13T05:19:57.261365,GPU918_CPU1497,918,1497,918,1497,short_long,128,256,1,136.05179591104388,136.44633467820492,34930.52879185416,256,7.328832653105999,Phi-3-mini-Q4,llama.cpp-0.3.22
2026-05-13T05:20:32.060578,GPU918_CPU1497,918,1497,918,1497,short_long,128,256,2,135.5598180089146,135.93024779567676,34798.4163868241,256,7.356656612021303,Phi-3-mini-Q4,llama.cpp-0.3.22
2026-05-13T05:20:55.613101,GPU918_CPU1497,918,1497,918,1497,medium_medium,512,128,0,5743.874154984951,140.21687103090736,23551.76441790536,128,5.434836971394265,Phi-3-mini-Q4,llama.cpp-0.3.22
2026-05-13T05:21:13.544020,GPU918_CPU1497,918,1497,918,1497,medium_medium,512,128,1,142.61371898464859,140.0563133216837,17930.138495983556,128,7.138818254453119,Phi-3-mini-Q4,llama.cpp-0.3.22
2026-05-13T05:21:13.686440,GPU918_CPU1497,918,1497,918,1497,medium_medium,512,128,2,141.8482840526849,141.8482840526849,141.8482840526849,0,0.0,Phi-3-mini-Q4,llama.cpp-0.3.22
2026-05-13T05:21:40.244630,GPU918_CPU1497,918,1497,918,1497,long_medium,1024,128,0,7644.6269219741225,148.91702557481298,26557.442475808784,128,4.819741212528104,Phi-3-mini-Q4,llama.cpp-0.3.22
2026-05-13T05:21:40.395564,GPU918_CPU1497,918,1497,918,1497,long_medium,1024,128,1,150.3677738364786,150.3677738364786,150.3677738364786,0,0.0,Phi-3-mini-Q4,llama.cpp-0.3.22
2026-05-13T05:21:59.503434,GPU918_CPU1497,918,1497,918,1497,long_medium,1024,128,2,150.09741112589836,149.26455434646428,19107.057663146406,128,6.699095290160019,Phi-3-mini-Q4,llama.cpp-0.3.22
2026-05-13T05:23:20.197398,GPU918_CPU1497,918,1497,918,1497,long_long,1024,512,0,151.0966490022838,157.61353971196044,80692.98908184282,512,6.345036983085411,Phi-3-mini-Q4,llama.cpp-0.3.22
2026-05-13T05:23:20.349160,GPU918_CPU1497,918,1497,918,1497,long_long,1024,512,1,151.16579900495708,151.16579900495708,151.16579900495708,0,0.0,Phi-3-mini-Q4,llama.cpp-0.3.22
2026-05-13T05:24:28.932387,GPU918_CPU1497,918,1497,918,1497,long_long,1024,512,2,152.11410308256745,156.2213696501041,68582.37749803811,438,6.386480258905133,Phi-3-mini-Q4,llama.cpp-0.3.22
2026-05-13T05:24:47.838918,GPU918_CPU2201,918,2201,918,2201,short_short,128,64,0,100.04871292039752,99.19645615838586,6349.5556560810655,64,10.07944547091358,Phi-3-mini-Q4,llama.cpp-0.3.22
2026-05-13T05:24:54.190108,GPU918_CPU2201,918,2201,918,2201,short_short,128,64,1,99.54321710392833,99.22037769611629,6350.5578259937465,64,10.077854852063357,Phi-3-mini-Q4,llama.cpp-0.3.22
2026-05-13T05:25:00.531845,GPU918_CPU2201,918,2201,918,2201,short_short,128,64,2,99.72420404665172,99.0673799681226,6341.09982685186,64,10.09288636791164,Phi-3-mini-Q4,llama.cpp-0.3.22
2026-05-13T05:25:26.351280,GPU918_CPU2201,918,2201,918,2201,short_long,128,256,0,99.50817399658263,100.85792287855463,25818.722788011655,256,9.915285202212553,Phi-3-mini-Q4,llama.cpp-0.3.22
2026-05-13T05:25:52.080448,GPU918_CPU2201,918,2201,918,2201,short_long,128,256,1,100.16364604234695,100.501557757311,25728.513250127435,256,9.950050261793965,Phi-3-mini-Q4,llama.cpp-0.3.22
2026-05-13T05:26:17.804314,GPU918_CPU2201,918,2201,918,2201,short_long,128,256,2,296.56283208169043,100.49860228107057,25723.176463972777,254,9.874363702933264,Phi-3-mini-Q4,llama.cpp-0.3.22
2026-05-13T05:26:34.901178,GPU918_CPU2201,918,2201,918,2201,medium_medium,512,128,0,3823.954398976639,104.50413644013149,17096.233929973096,128,7.487029045361304,Phi-3-mini-Q4,llama.cpp-0.3.22
2026-05-13T05:26:48.272324,GPU918_CPU2201,918,2201,918,2201,medium_medium,512,128,1,105.68494396284223,104.4455730708272,13370.514031033963,128,9.573304339900652,Phi-3-mini-Q4,llama.cpp-0.3.22
2026-05-13T05:27:01.640045,GPU918_CPU2201,918,2201,918,2201,medium_medium,512,128,2,105.8052908629179,104.41749740949297,13367.090177023783,128,9.575756451468747,Phi-3-mini-Q4,llama.cpp-0.3.22
2026-05-13T05:27:06.873475,GPU918_CPU2201,918,2201,918,2201,long_medium,1024,128,0,5232.906488003209,5232.906488003209,5232.906488003209,0,0.0,Phi-3-mini-Q4,llama.cpp-0.3.22
2026-05-13T05:27:21.235543,GPU918_CPU2201,918,2201,918,2201,long_medium,1024,128,1,113.15619805827737,112.18896040172265,14361.400437075645,128,8.912779819825436,Phi-3-mini-Q4,llama.cpp-0.3.22
2026-05-13T05:27:21.349380,GPU918_CPU2201,918,2201,918,2201,long_medium,1024,128,2,113.34588704630733,113.34588704630733,113.34588704630733,0,0.0,Phi-3-mini-Q4,llama.cpp-0.3.22
2026-05-13T05:28:22.418715,GPU918_CPU2201,918,2201,918,2201,long_long,1024,512,0,112.42059199139476,119.28626322123694,61068.61340114847,512,8.384012203400891,Phi-3-mini-Q4,llama.cpp-0.3.22
2026-05-13T05:29:20.976927,GPU918_CPU2201,918,2201,918,2201,long_long,1024,512,1,112.95372387394309,118.54191563836095,58557.51770804636,493,8.419072721934336,Phi-3-mini-Q4,llama.cpp-0.3.22
2026-05-13T05:29:21.089945,GPU918_CPU2201,918,2201,918,2201,long_long,1024,512,2,112.56479495204985,112.56479495204985,112.56479495204985,0,0.0,Phi-3-mini-Q4,llama.cpp-0.3.22
2026-05-13T05:29:51.353678,GPU1300_CPU1036,1300,1036,1300,1036,short_short,128,64,0,187.02454096637666,185.72594493716247,11888.020891929045,64,5.383570619685784,Phi-3-mini-Q4,llama.cpp-0.3.22
2026-05-13T05:30:03.238931,GPU1300_CPU1036,1300,1036,1300,1036,short_short,128,64,1,187.14587995782495,185.6658880798412,11884.35813691467,64,5.385229834264757,Phi-3-mini-Q4,llama.cpp-0.3.22
2026-05-13T05:30:15.131444,GPU1300_CPU1036,1300,1036,1300,1036,short_short,128,64,2,186.91989709623158,185.7848949841268,11891.63137995638,64,5.381936082199242,Phi-3-mini-Q4,llama.cpp-0.3.22
2026-05-13T05:31:03.460014,GPU1300_CPU1036,1300,1036,1300,1036,short_long,128,256,0,188.64175211638212,188.77630688195282,48327.54741306417,256,5.297185843343597,Phi-3-mini-Q4,llama.cpp-0.3.22
2026-05-13T05:31:51.840757,GPU1300_CPU1036,1300,1036,1300,1036,short_long,128,256,1,188.641486922279,188.98101060048623,48379.75894892588,256,5.291469109431842,Phi-3-mini-Q4,llama.cpp-0.3.22
2026-05-13T05:32:40.233726,GPU1300_CPU1036,1300,1036,1300,1036,short_long,128,256,2,188.51267988793552,189.02947238427313,48391.96604094468,256,5.29013431244759,Phi-3-mini-Q4,llama.cpp-0.3.22
2026-05-13T05:33:13.311083,GPU1300_CPU1036,1300,1036,1300,1036,medium_medium,512,128,0,8427.249648142606,194.08383458214774,33076.395735144615,128,3.869829138124513,Phi-3-mini-Q4,llama.cpp-0.3.22
2026-05-13T05:33:16.817527,GPU1300_CPU1036,1300,1036,1300,1036,medium_medium,512,128,1,197.36588094383478,194.58799200947396,3505.5801609996706,17,4.849411286932941,Phi-3-mini-Q4,llama.cpp-0.3.22
2026-05-13T05:33:17.014790,GPU1300_CPU1036,1300,1036,1300,1036,medium_medium,512,128,2,196.56564015895128,196.56564015895128,196.56564015895128,0,0.0,Phi-3-mini-Q4,llama.cpp-0.3.22
2026-05-13T05:33:28.119530,GPU1300_CPU1036,1300,1036,1300,1036,long_medium,1024,128,0,11104.035942116752,11104.035942116752,11104.035942116752,0,0.0,Phi-3-mini-Q4,llama.cpp-0.3.22
2026-05-13T05:33:54.919090,GPU1300_CPU1036,1300,1036,1300,1036,long_medium,1024,128,1,208.89475685544312,209.36395284375104,26798.628246877342,128,4.7763638803010355,Phi-3-mini-Q4,llama.cpp-0.3.22
2026-05-13T05:34:21.736016,GPU1300_CPU1036,1300,1036,1300,1036,long_medium,1024,128,2,210.10103495791554,209.49030288047794,26815.881043905392,128,4.773290864112456,Phi-3-mini-Q4,llama.cpp-0.3.22
2026-05-13T05:36:13.033978,GPU1300_CPU1036,1300,1036,1300,1036,long_long,1024,512,0,209.78935691528022,217.38757458907313,111296.8118400313,512,4.600311469262083,Phi-3-mini-Q4,llama.cpp-0.3.22
2026-05-13T05:37:42.614693,GPU1300_CPU1036,1300,1036,1300,1036,long_long,1024,512,1,210.09199297986925,213.7791469929923,89579.61378409527,418,4.666240256488082,Phi-3-mini-Q4,llama.cpp-0.3.22
2026-05-13T05:39:33.356019,GPU1300_CPU1036,1300,1036,1300,1036,long_long,1024,512,2,208.68778484873474,216.30057875739516,110740.20794290118,512,4.623433615584257,Phi-3-mini-Q4,llama.cpp-0.3.22
2026-05-13T05:39:56.787265,GPU1300_CPU1497,1300,1497,1300,1497,short_short,128,64,0,135.53305715322495,134.5483838240542,8612.273650011048,64,7.4312548115465304,Phi-3-mini-Q4,llama.cpp-0.3.22
2026-05-13T05:40:05.386497,GPU1300_CPU1497,1300,1497,1300,1497,short_short,128,64,1,135.1186321116984,134.3351423792127,8598.422102164477,64,7.443226122138073,Phi-3-mini-Q4,llama.cpp-0.3.22
2026-05-13T05:40:13.985525,GPU1300_CPU1497,1300,1497,1300,1497,short_short,128,64,2,135.22624596953392,134.3314666005354,8598.298399010673,64,7.443333207342966,Phi-3-mini-Q4,llama.cpp-0.3.22
2026-05-13T05:40:48.958350,GPU1300_CPU1497,1300,1497,1300,1497,short_long,128,256,0,135.18182979896665,136.61229301189238,34971.98517480865,256,7.3201449308746795,Phi-3-mini-Q4,llama.cpp-0.3.22
2026-05-13T05:41:23.788608,GPU1300_CPU1497,1300,1497,1300,1497,short_long,128,256,1,136.7904709186405,136.04692589382037,34829.433233011514,256,7.350105248263469,Phi-3-mini-Q4,llama.cpp-0.3.22
2026-05-13T05:41:58.590358,GPU1300_CPU1497,1300,1497,1300,1497,short_long,128,256,2,135.31760103069246,135.94113140750457,34800.97041698173,256,7.3561167097536,Phi-3-mini-Q4,llama.cpp-0.3.22
2026-05-13T05:42:22.190518,GPU1300_CPU1497,1300,1497,1300,1497,medium_medium,512,128,0,5807.274359976873,140.09272320540694,23599.399223923683,128,5.423866886841811,Phi-3-mini-Q4,llama.cpp-0.3.22
2026-05-13T05:42:22.332983,GPU1300_CPU1497,1300,1497,1300,1497,medium_medium,512,128,1,141.89082104712725,141.89082104712725,141.89082104712725,0,0.0,Phi-3-mini-Q4,llama.cpp-0.3.22
2026-05-13T05:42:40.260686,GPU1300_CPU1497,1300,1497,1300,1497,medium_medium,512,128,2,141.98957197368145,140.03588123555025,17926.896049873903,128,7.140109455864243,Phi-3-mini-Q4,llama.cpp-0.3.22
2026-05-13T05:42:47.884068,GPU1300_CPU1497,1300,1497,1300,1497,long_medium,1024,128,0,7622.771625872701,7622.771625872701,7622.771625872701,0,0.0,Phi-3-mini-Q4,llama.cpp-0.3.22
2026-05-13T05:42:48.035975,GPU1300_CPU1497,1300,1497,1300,1497,long_medium,1024,128,1,151.31941391155124,151.31941391155124,151.31941391155124,0,0.0,Phi-3-mini-Q4,llama.cpp-0.3.22
2026-05-13T05:43:07.159962,GPU1300_CPU1497,1300,1497,1300,1497,long_medium,1024,128,2,151.01455594412982,149.38414585043301,19123.15969611518,128,6.693454535444938,Phi-3-mini-Q4,llama.cpp-0.3.22
2026-05-13T05:44:27.650272,GPU1300_CPU1497,1300,1497,1300,1497,long_long,1024,512,0,151.01199503988028,157.21545950874116,80489.45017997175,512,6.361082090325936,Phi-3-mini-Q4,llama.cpp-0.3.22
2026-05-13T05:45:48.022483,GPU1300_CPU1497,1300,1497,1300,1497,long_long,1024,512,1,150.89596202597022,156.98447096691905,80371.32796016522,512,6.37043101059329,Phi-3-mini-Q4,llama.cpp-0.3.22
2026-05-13T05:47:07.797606,GPU1300_CPU1497,1300,1497,1300,1497,long_long,1024,512,2,151.77879203110933,155.81426063029429,79774.21497297473,512,6.418113925326012,Phi-3-mini-Q4,llama.cpp-0.3.22
2026-05-13T05:47:26.680842,GPU1300_CPU2201,1300,2201,1300,2201,short_short,128,64,0,99.14970607496798,98.96707758750944,6334.211177192628,64,10.103862692554765,Phi-3-mini-Q4,llama.cpp-0.3.22
2026-05-13T05:47:33.018648,GPU1300_CPU2201,1300,2201,1300,2201,short_short,128,64,1,99.68542004935443,99.00542799871238,6337.163638090715,64,10.09915534061894,Phi-3-mini-Q4,llama.cpp-0.3.22
2026-05-13T05:47:39.347309,GPU1300_CPU2201,1300,2201,1300,2201,short_short,128,64,2,99.43092986941338,98.86409090610132,6328.000396955758,64,10.11377939084656,Phi-3-mini-Q4,llama.cpp-0.3.22
2026-05-13T05:48:05.170692,GPU1300_CPU2201,1300,2201,1300,2201,short_long,128,256,0,99.55505188554525,100.87322204318993,25822.679722914472,256,9.913765834799527,Phi-3-mini-Q4,llama.cpp-0.3.22
2026-05-13T05:48:30.987110,GPU1300_CPU2201,1300,2201,1300,2201,short_long,128,256,1,100.28939717449248,100.84323210130428,25815.767297055572,256,9.91642034320623,Phi-3-mini-Q4,llama.cpp-0.3.22
2026-05-13T05:48:56.736455,GPU1300_CPU2201,1300,2201,1300,2201,short_long,128,256,2,99.81262590736151,100.58216081621747,25748.71279601939,256,9.942244570749036,Phi-3-mini-Q4,llama.cpp-0.3.22
2026-05-13T05:49:00.636431,GPU1300_CPU2201,1300,2201,1300,2201,medium_medium,512,128,0,3899.490380194038,3899.490380194038,3899.490380194038,0,0.0,Phi-3-mini-Q4,llama.cpp-0.3.22
2026-05-13T05:49:13.963804,GPU1300_CPU2201,1300,2201,1300,2201,medium_medium,512,128,1,106.31477297283709,104.09597353643085,13326.748857973143,128,9.604743164603121,Phi-3-mini-Q4,llama.cpp-0.3.22
2026-05-13T05:49:27.388019,GPU1300_CPU2201,1300,2201,1300,2201,medium_medium,512,128,2,105.39032309316099,104.86564764525653,13423.577787121758,128,9.535460816027749,Phi-3-mini-Q4,llama.cpp-0.3.22
2026-05-13T05:49:46.848875,GPU1300_CPU2201,1300,2201,1300,2201,long_medium,1024,128,0,5219.596615061164,112.12880981858731,19460.201703943312,128,6.577526890384839,Phi-3-mini-Q4,llama.cpp-0.3.22
2026-05-13T05:50:01.482126,GPU1300_CPU2201,1300,2201,1300,2201,long_medium,1024,128,1,113.3767981082201,114.32230471648042,14632.563065970317,128,8.74761307522935,Phi-3-mini-Q4,llama.cpp-0.3.22
2026-05-13T05:50:16.041810,GPU1300_CPU2201,1300,2201,1300,2201,long_medium,1024,128,2,113.29563520848751,113.74372417312556,14559.002717025578,128,8.79181098375058,Phi-3-mini-Q4,llama.cpp-0.3.22
2026-05-13T05:51:19.368341,GPU1300_CPU2201,1300,2201,1300,2201,long_long,1024,512,0,113.34227793850005,123.70158386518796,63325.79227210954,512,8.08517322294125,Phi-3-mini-Q4,llama.cpp-0.3.22
2026-05-13T05:52:20.576878,GPU1300_CPU2201,1300,2201,1300,2201,long_long,1024,512,1,113.24299708940089,119.55691016426788,61207.79671496712,512,8.364947400153694,Phi-3-mini-Q4,llama.cpp-0.3.22
2026-05-13T05:52:20.690500,GPU1300_CPU2201,1300,2201,1300,2201,long_long,1024,512,2,113.13285492360592,113.13285492360592,113.13285492360592,0,0.0,Phi-3-mini-Q4,llama.cpp-0.3.22
